"CANTIDAD","ESTADO","RADICACIÓN","DEMANDADO","IDENTIFICACIÓN","FECHA 
RADICACIÓN","AUTORIDAD JUDICIAL QUE TRAMITA","TIPO DE PROCESO","TIPO DE ACCIÓN"
"1","ACTIVO","85001333300220180036000","MUNICIPIO DE YOPAL","8918550177","2018-10-16T00:00:00.000","JUZGADO TERCERO ADMINISTRATIVO DEL CIRCUITO DE YOPAL","CONTENCIOSO ADMINISTRATIVO","REPARACIÓN DIRECTA"
"2","ACTIVO","85001333300220170059500","MUNICIPIO DE YOPAL","8918550177","2017-12-18T00:00:00.000","JUZGADO TERCERO ADMINISTRATIVO DEL CIRCUITO DE YOPAL","CONTENCIOSO ADMINISTRATIVO","NULIDAD Y RESTABLECIMIENTO DEL DERECHO"
"3","ACTIVO","85001333300120190036100","MUNICIPIO DE YOPAL","8918550177","2019-09-05T00:00:00.000","JUZGADO PRIMERO ADMINISTRATIVO DEL CIRCUITO DE YOPAL","CONTENCIOSO ADMINISTRATIVO","NULIDAD Y RESTABLECIMIENTO DEL DERECHO"
"4","ACTIVO","85001333300220190032700 PRINCIPAL
85001333300120180015300 ACUMULADO
85001333300220180026900 ACUMULADO","MUNICIPIO DE YOPAL","8918550177","2019-08-01T00:00:00.000","JUZGADO QUINTO ADMINISTRATIVO DEL CIRCUITO DE YOPAL","CONTENCIOSO ADMINISTRATIVO","REPARACIÓN DIRECTA"
"5","ACTIVO","85001333300220180025600","MUNICIPIO DE YOPAL","8918550177","2018-07-30T00:00:00.000","JUZGADO CUARTO ADMINISTRATIVO DEL CIRCUITO DE YOPAL","CONTENCIOSO ADMINISTRATIVO","NULIDAD Y RESTABLECIMIENTO DEL DERECHO"
"6","ACTIVO","85001333300220180030800","MUNICIPIO DE YOPAL","8918550177","2018-09-06T00:00:00.000","JUZGADO TERCERO ADMINISTRATIVO DEL CIRCUITO DE YOPAL","CONTENCIOSO ADMINISTRATIVO","NULIDAD Y RESTABLECIMIENTO DEL DERECHO"
"7","ACTIVO","85001333300220170060100","MUNICIPIO DE YOPAL","8918550177","2017-12-19T00:00:00.000","JUZGADO TERCERO ADMINISTRATIVO DEL CIRCUITO DE YOPAL","CONTENCIOSO ADMINISTRATIVO","REPARACIÓN DIRECTA"
"8","ACTIVO","85001333300220140007600
85001333300120140007300","MUNICIPIO DE YOPAL","8918550177","2014-03-31T00:00:00.000","JUZGADO SEGUNDO ADMINISTRATIVO DEL CIRCUITO DE YOPAL","CONTENCIOSO ADMINISTRATIVO","ACCIÓN DE GRUPO"
"9","ACTIVO","85001333300120170045600","MUNICIPIO DE YOPAL","8918550177","2017-03-12T00:00:00.000","JUZGADO TERCERO ADMINISTRATIVO DEL CIRCUITO DE YOPAL","CONTENCIOSO ADMINISTRATIVO","REPARACIÓN DIRECTA"
"10","ACTIVO","85001333300120150050100","MUNICIPIO DE YOPAL","8918550177","2015-11-18T00:00:00.000","JUZGADO PRIMERO ADMINISTRATIVO DEL CIRCUITO DE YOPAL","CONTENCIOSO ADMINISTRATIVO","NULIDAD Y RESTABLECIMIENTO DEL DERECHO"
"11","ACTIVO","85001333300120200016000","MUNICIPIO DE YOPAL","8918550177","2020-09-16T00:00:00.000","JUZGADO PRIMERO ADMINISTRATIVO DEL CIRCUITO DE YOPAL","CONTENCIOSO ADMINISTRATIVO","NULIDAD Y RESTABLECIMIENTO DEL DERECHO"
"12","ACTIVO","85001333300220200008200","MUNICIPIO DE YOPAL","8918550177","2020-04-30T00:00:00.000","JUZGADO CUARTO ADMINISTRATIVO DEL CIRCUITO DE YOPAL","CONTENCIOSO ADMINISTRATIVO","REPARACIÓN DIRECTA"
"13","ACTIVO","85001333300120170039100","MUNICIPIO DE YOPAL","8918550177","2017-10-06T00:00:00.000","JUZGADO PRIMERO ADMINISTRATIVO DEL CIRCUITO DE YOPAL","CONTENCIOSO ADMINISTRATIVO","NULIDAD Y RESTABLECIMIENTO DEL DERECHO"
"14","ACTIVO","85001333300120180003200","MUNICIPIO DE YOPAL","8918550177","2018-02-13T00:00:00.000","JUZGADO PRIMERO ADMINISTRATIVO DEL CIRCUITO DE YOPAL","CONTENCIOSO ADMINISTRATIVO","NULIDAD Y RESTABLECIMIENTO DEL DERECHO"
"15","ACTIVO","85001333300320210003400","MUNICIPIO DE YOPAL","8918550177","2021-04-06T00:00:00.000","JUZGADO TERCERO ADMINISTRATIVO DEL CIRCUITO DE YOPAL","CONTENCIOSO ADMINISTRATIVO","NULIDAD Y RESTABLECIMIENTO DEL DERECHO"
"16","ACTIVO","85001333300120180026500","MUNICIPIO DE YOPAL","8918550177","2018-08-08T00:00:00.000","JUZGADO PRIMERO ADMINISTRATIVO DEL CIRCUITO DE YOPAL","CONTENCIOSO ADMINISTRATIVO","NULIDAD Y RESTABLECIMIENTO DEL DERECHO"
"17","ACTIVO","85001333300120170005200","MUNICIPIO DE YOPAL","8918550177","2017-03-06T00:00:00.000","JUZGADO TERCERO ADMINISTRATIVO DEL CIRCUITO DE YOPAL","CONTENCIOSO ADMINISTRATIVO","NULIDAD Y RESTABLECIMIENTO DEL DERECHO"
"18","ACTIVO","85001333300120190024300","MUNICIPIO DE YOPAL","8918550177","2019-05-14T00:00:00.000","JUZGADO PRIMERO ADMINISTRATIVO DEL CIRCUITO DE YOPAL","CONTENCIOSO ADMINISTRATIVO","REPARACIÓN DIRECTA"
"19","ACTIVO","85001333300120200012000","MUNICIPIO DE YOPAL","8918550177","2020-08-13T00:00:00.000","JUZGADO PRIMERO ADMINISTRATIVO DEL CIRCUITO DE YOPAL","CONTENCIOSO ADMINISTRATIVO","REPARACIÓN DIRECTA"
"20","ACTIVO","85001333300120190008400","MUNICIPIO DE YOPAL","8918550177","2019-01-24T00:00:00.000","JUZGADO TERCERO ADMINISTRATIVO DEL CIRCUITO DE YOPAL","CONTENCIOSO ADMINISTRATIVO","NULIDAD Y RESTABLECIMIENTO DEL DERECHO"
"21","ACTIVO","85001233300020210023100","MUNICIPIO DE YOPAL","8918550177","2021-04-19T00:00:00.000","TRIBUNAL ADMINISTRATIVO DE CASANARE - DESPACHO 03","CONTENCIOSO ADMINISTRATIVO","NULIDAD Y RESTABLECIMIENTO DEL DERECHO"
"22","ACTIVO","85001333300120210012200","MUNICIPIO DE YOPAL","8918550177","2021-06-17T00:00:00.000","JUZGADO PRIMERO ADMINISTRATIVO DEL CIRCUITO DE YOPAL","CONTENCIOSO ADMINISTRATIVO","REPARACIÓN DIRECTA"
"23","ACTIVO","85001333300220220011100","MUNICIPIO DE YOPAL","8918550177","2022-06-02T00:00:00.000","JUZGADO SEGUNDO ADMINISTRATIVO DEL CIRCUITO DE YOPAL","CONTENCIOSO ADMINISTRATIVO","NULIDAD Y RESTABLECIMIENTO DEL DERECHO"
"24","ACTIVO","85001333300220220019200","MUNICIPIO DE YOPAL","8918550177","0/0/0","JUZGADO QUINTO ADMINISTRATIVO DEL CIRCUITO DE YOPAL","CONTENCIOSO ADMINISTRATIVO","REPARACIÓN DIRECTA"
"25","ACTIVO","85001333300320220024400","MUNICIPIO DE YOPAL","8918550177","2022-12-01T00:00:00.000","JUZGADO TERCERO ADMINISTRATIVO DEL CIRCUITO DE YOPAL","CONTENCIOSO ADMINISTRATIVO","NULIDAD Y RESTABLECIMIENTO DEL DERECHO"
"26","ACTIVO","85001333300220180041200","MUNICIPIO DE YOPAL","8918550177","2018-04-24T00:00:00.000","JUZGADO SEGUNDO ADMINISTRATIVO DEL CIRCUITO DE YOPAL","CONTENCIOSO ADMINISTRATIVO","REPARACIÓN DIRECTA"
"27","ACTIVO","85001333300220180024600","MUNICIPIO DE YOPAL","8918550177","2018-07-05T00:00:00.000","JUZGADO TERCERO ADMINISTRATIVO DEL CIRCUITO DE YOPAL","CONTENCIOSO ADMINISTRATIVO","REPARACIÓN DIRECTA"
"28","ACTIVO","85001333300220140025100","MUNICIPIO DE YOPAL","8918550177","2014-08-29T00:00:00.000","JUZGADO SEGUNDO ADMINISTRATIVO DEL CIRCUITO DE YOPAL","ACCIONES CONSTITUCIONALES","ACCIÓN DE CUMPLIMIENTO"
"29","ACTIVO","85001333300120150044600","DIEGO LUIS MARIÑO
LIBERTY SEGUROS

GERMAN EDUARDO PULIDO DAZA","74860266","2015-10-16T00:00:00.000","JUZGADO TERCERO ADMINISTRATIVO DEL CIRCUITO DE YOPAL","CONTENCIOSO ADMINISTRATIVO","CONTROVERSIAS CONTRACTUALES"
"30","ACTIVO","85001333300120170035300","MUNICIPIO DE YOPAL","8918550177","2017-09-12T00:00:00.000","JUZGADO PRIMERO ADMINISTRATIVO DEL CIRCUITO DE YOPAL","CONTENCIOSO ADMINISTRATIVO","NULIDAD Y RESTABLECIMIENTO DEL DERECHO"
"31","ACTIVO","85001333300120180039800","MUNICIPIO DE YOPAL","8918550177","2018-12-12T00:00:00.000","JUZGADO PRIMERO ADMINISTRATIVO DEL CIRCUITO DE YOPAL","ACCIONES CONSTITUCIONALES","ACCIÓN DE GRUPO"
"32","ACTIVO","85001233300020170010901
85001233300020170010900","MINISTERIO DEL TRABAJO
SERVICIO NACIONAL DE APRENDIZAJE SENA
SINTRAYOPAL","830115226
899999034-1","2017-06-09T00:00:00.000","TRIBUNAL ADMINISTRATIVO DE CASANARE - DESPACHO 03","CONTENCIOSO ADMINISTRATIVO","NULIDAD Y RESTABLECIMIENTO DEL DERECHO"
"33","ACTIVO","85001333300120190008800","MUNICIPIO DE YOPAL","8918550177","2019-02-28T00:00:00.000","JUZGADO TERCERO ADMINISTRATIVO DEL CIRCUITO DE YOPAL","CONTENCIOSO ADMINISTRATIVO","REPARACIÓN DIRECTA"
"34","ACTIVO","85001333300120190040900","MUNICIPIO DE YOPAL","8918550177","2019-10-24T00:00:00.000","JUZGADO PRIMERO ADMINISTRATIVO DEL CIRCUITO DE YOPAL","CONTENCIOSO ADMINISTRATIVO","REPARACIÓN DIRECTA"
"35","ACTIVO","85001333300120200018600","MUNICIPIO DE YOPAL","8918550177","2020-09-17T00:00:00.000","JUZGADO PRIMERO ADMINISTRATIVO DEL CIRCUITO DE YOPAL","CONTENCIOSO ADMINISTRATIVO","REPARACIÓN DIRECTA"
"36","ACTIVO","85001333300220160012900","BLANCA ORQUIDEA MILLAN Y
LAURA MARCELA AGUIRRE","46379806","2016-04-25T00:00:00.000","JUZGADO TERCERO ADMINISTRATIVO DEL CIRCUITO DE YOPAL","CONTENCIOSO ADMINISTRATIVO","EJECUTIVO SEGUIDO AL DECLARATIVO"
"37","ACTIVO","85001333300220190045700
85001333300120140022100","MUNICIPIO DE YOPAL","8918550177","2014-07-30T00:00:00.000","JUZGADO TERCERO ADMINISTRATIVO DEL CIRCUITO DE YOPAL","CONTENCIOSO ADMINISTRATIVO","NULIDAD SIMPLE"
"38","ACTIVO","85001333300120160010100","MUNICIPIO DE YOPAL","8918550177","2016-04-15T00:00:00.000","JUZGADO TERCERO ADMINISTRATIVO DEL CIRCUITO DE YOPAL","CONTENCIOSO ADMINISTRATIVO","REPARACIÓN DIRECTA"
"39","ACTIVO","85001333300120160022900","MUNICIPIO DE YOPAL","8918550177","2016-08-05T00:00:00.000","JUZGADO PRIMERO ADMINISTRATIVO DEL CIRCUITO DE YOPAL","CONTENCIOSO ADMINISTRATIVO","REPARACIÓN DIRECTA"
"40","ACTIVO","85001333300120200015400","MUNICIPIO DE YOPAL","8918550177","2020-09-04T00:00:00.000","JUZGADO PRIMERO ADMINISTRATIVO DEL CIRCUITO DE YOPAL","CONTENCIOSO ADMINISTRATIVO","NULIDAD Y RESTABLECIMIENTO DEL DERECHO"
"41","ACTIVO","85001333300120210001700","MUNICIPIO DE YOPAL","8918550177","2021-01-21T00:00:00.000","JUZGADO PRIMERO ADMINISTRATIVO DEL CIRCUITO DE YOPAL","CONTENCIOSO ADMINISTRATIVO","REPARACIÓN DIRECTA"
"42","ACTIVO","85001333300120200026700","MUNICIPIO DE YOPAL","8918550177","2020-12-16T00:00:00.000","JUZGADO PRIMERO ADMINISTRATIVO DEL CIRCUITO DE YOPAL","CONTENCIOSO ADMINISTRATIVO","NULIDAD Y RESTABLECIMIENTO DEL DERECHO"
"43","ACTIVO","85001333300120210014000","MUNICIPIO DE YOPAL","8918550177","2021-07-11T00:00:00.000","JUZGADO PRIMERO ADMINISTRATIVO DEL CIRCUITO DE YOPAL","CONTENCIOSO ADMINISTRATIVO","NULIDAD Y RESTABLECIMIENTO DEL DERECHO"
"44","ACTIVO","85001333300320220001400","MUNICIPIO DE YOPAL","8918550177","2022-01-26T00:00:00.000","JUZGADO TERCERO ADMINISTRATIVO DEL CIRCUITO DE YOPAL","CONTENCIOSO ADMINISTRATIVO","NULIDAD Y RESTABLECIMIENTO DEL DERECHO"
"45","ACTIVO","85001333300120160012200
85001333300120170026000
85001333300120160012300","MUNICIPIO DE YOPAL","8918550177","0/0/0","JUZGADO PRIMERO ADMINISTRATIVO DEL CIRCUITO DE YOPAL","CONTENCIOSO ADMINISTRATIVO","NULIDAD SIMPLE"
"46","ACTIVO","11001032500020190060600
11001032500020190067100 
11001032500020200017600 
11001032500020190086200
11001032500020190061000
11001032500020190061100
11001032500020190061200
11001032500020190086000
11001032500020190086300
11001032500020190088500
11001032500020190099900
11001032500020200016700
11001032500020200017300
11001032500020200017900
11001032500020200016800","MUNICIPIO DE YOPAL","8918550177","2019-09-18T00:00:00.000","CONSEJO DE ESTADO - SECCIÓN SEGUNDA","CONTENCIOSO ADMINISTRATIVO","NULIDAD SIMPLE"
"47","ACTIVO","85001333300120170047400","MUNICIPIO DE YOPAL","8918550177","2017-12-03T00:00:00.000","JUZGADO TERCERO ADMINISTRATIVO DE YOPAL","CONTENCIOSO ADMINISTRATIVO","NULIDAD Y RESTABLECIMIENTO DEL DERECHO"
"48","ACTIVO","85001233300020180003600","MUNICIPIO DE YOPAL","8918550177","2018-04-10T00:00:00.000","TRIBUNAL ADMINISTRATIVO DE CASANARE - DESPACHO 03","CONTENCIOSO ADMINISTRATIVO","NULIDAD Y RESTABLECIMIENTO DEL DERECHO"
"49","ACTIVO","85001333300120190012300","MUNICIPIO DE YOPAL","8918550177","2019-03-05T00:00:00.000","JUZGADO TERCERO ADMINISTRATIVO DEL CIRCUITO DE YOPAL","CONTENCIOSO ADMINISTRATIVO","NULIDAD Y RESTABLECIMIENTO DEL DERECHO"
"50","ACTIVO","85001333300220180016200","MUNICIPIO DE YOPAL","8918550177","2018-05-24T00:00:00.000","JUZGADO TERCERO ADMINISTRATIVO DEL CIRCUITO DE YOPAL","CONTENCIOSO ADMINISTRATIVO","NULIDAD Y RESTABLECIMIENTO DEL DERECHO"
"51","ACTIVO","85001333300220220000800","MUNICIPIO DE YOPAL","8918550177","2022-05-10T00:00:00.000","JUZGADO SEGUNDO ADMINISTRATIVO DEL CIRCUITO DE YOPAL","CONTENCIOSO ADMINISTRATIVO","NULIDAD Y RESTABLECIMIENTO DEL DERECHO"
"52","ACTIVO","85001333300220210012500","MUNICIPIO DE YOPAL","8918550177","2021-08-31T00:00:00.000","JUZGADO SEGUNDO ADMINISTRATIVO DEL CIRCUITO DE YOPAL","CONTENCIOSO ADMINISTRATIVO","NULIDAD SIMPLE"
"53","ACTIVO","85001333300220180023800","MUNICIPIO DE YOPAL","8918550177","2018-07-19T00:00:00.000","JUZGADO TERCERO ADMINISTRATIVO DEL CIRCUITO DE YOPAL","CONTENCIOSO ADMINISTRATIVO","REPARACIÓN DIRECTA"
"54","ACTIVO","85001333300120190019800","MUNICIPIO DE YOPAL","8918550177","2019-11-22T00:00:00.000","JUZGADO TERCERO ADMINISTRATIVO DEL CIRCUITO DE YOPAL","CONTENCIOSO ADMINISTRATIVO","REPARACIÓN DIRECTA"
"55","ACTIVO","85001233300020200056800","MUNICIPIO DE YOPAL","8918550177","2020-09-17T00:00:00.000","TRIBUNAL ADMINISTRATIVO DE CASANARE - DESPACHO 03","ACCIONES CONSTITUCIONALES","ACCIÓN DE GRUPO"
"56","ACTIVO","RESOLUCION No 102.54.1346 DEL 15 DE DICIEMBRE DE 2015, MEDIANTE LA CUAL SE EXPIDE LICENCIA URBANISTICA DE SUBDIVISION, PARCELACION, CONSTRUCCION EN LA MODALIDAD DE OBRA NUEVA E IGUALMENTE SE APRUEBA EL REGLAMENTO DE PROPIEDAD HORIZONTAL AL CONDOMINIO CAMPESTRE LA CAMPIRANA Y DE TODOS LOS ACTOS ADMINISTRATIVOS QUE SE HAYAN EXPEDIDO COMO CONSECUENCIA DE LA EXPEDICION DE DICHO RESOLUCION","MODERNICEMOS S.A.S.","900668092-1","2019-08-12T00:00:00.000","JUZGADO CUARTO ADMINISTRATIVO DEL CIRCUITO DE YOPAL","CONTENCIOSO ADMINISTRATIVO","NULIDAD POR LESIVIDAD"
"57","ACTIVO","85001333300120200001000","MUNICIPIO DE YOPAL","8918550177","2020-01-08T00:00:00.000","JUZGADO PRIMERO ADMINISTRATIVO DEL CIRCUITO DE YOPAL","CONTENCIOSO ADMINISTRATIVO","CONTROVERSIAS CONTRACTUALES"
"58","ACTIVO","85001333300120210001400","MUNICIPIO DE YOPAL","8918550177","2021-01-14T00:00:00.000","JUZGADO PRIMERO ADMINISTRATIVO DEL CIRCUITO DE YOPAL","CONTENCIOSO ADMINISTRATIVO","CONTROVERSIAS CONTRACTUALES"
"59","ACTIVO","85001333300220170059600","MUNICIPIO DE YOPAL","8918550177","2017-11-27T00:00:00.000","JUZGADO SEGUNDO ADMINISTRATIVO DEL CIRCUITO DE YOPAL","CONTENCIOSO ADMINISTRATIVO","CONTROVERSIAS CONTRACTUALES"
"60","ACTIVO","85001233300020170011500
85001233300020170011502","MUNICIPIO DE YOPAL","8918550177","2021-03-15T00:00:00.000","TRIBUNAL ADMINISTRATIVO DE CASANARE - DESPACHO 02","CONTENCIOSO ADMINISTRATIVO","CONTROVERSIAS CONTRACTUALES"
"61","ACTIVO","85001233300020150020101","FUNDACIÓN AZ","0/0/0","POR DETERMINAR","TRIBUNAL ADMINISTRATIVO DE CASANARE","CONTENCIOSO ADMINISTRATIVO","CONTROVERSIAS CONTRACTUALES"
"62","ACTIVO","85001333300120200025400","MUNICIPIO DE YOPAL","8918550177","2020-11-24T00:00:00.000","JUZGADO PRIMERO ADMINISTRATIVO DEL CIRCUITO DE YOPAL","CONTENCIOSO ADMINISTRATIVO","NULIDAD Y RESTABLECIMIENTO DEL DERECHO"
"63","ACTIVO","85001333300120210004300","MUNICIPIO DE YOPAL","8918550177","2021-02-23T00:00:00.000","JUZGADO PRIMERO ADMINISTRATIVO DEL CIRCUITO DE YOPAL","CONTENCIOSO ADMINISTRATIVO","NULIDAD Y RESTABLECIMIENTO DEL DERECHO"
"64","ACTIVO","85001333300120190004800","MUNICIPIO DE YOPAL","8918550177","2019-01-22T00:00:00.000","JUZGADO TERCERO ADMINISTRATIVO DEL CIRCUITO DE YOPAL","CONTENCIOSO ADMINISTRATIVO","NULIDAD Y RESTABLECIMIENTO DEL DERECHO"
"65","ACTIVO","85001333300120200007400","MUNICIPIO DE YOPAL","8918550177","2020-03-11T00:00:00.000","JUZGADO PRIMERO ADMINISTRATIVO DEL CIRCUITO DE YOPAL","CONTENCIOSO ADMINISTRATIVO","REPARACIÓN DIRECTA"
"66","ACTIVO","85001333300220190038200","MUNICIPIO DE YOPAL","8918550177","2019-09-13T00:00:00.000","JUZGADO SEGUNDO ADMINISTRATIVO DEL CIRCUITO DE YOPAL","CONTENCIOSO ADMINISTRATIVO","REPARACIÓN DIRECTA"
"67","ACTIVO","85001333300220190020300","MUNICIPIO DE YOPAL","8918550177","2019-04-03T00:00:00.000","JUZGADO SEGUNDO ADMINISTRATIVO DEL CIRCUITO DE YOPAL","CONTENCIOSO ADMINISTRATIVO","REPARACIÓN DIRECTA"
"68","ACTIVO","85001333300120160046300 
85001333300120160046300","MUNICIPIO DE YOPAL","8918550177","0/0/0","JUZGADO PRIMERO CIVIL MUNICIPAL DE YOPAL","CIVIL - ORDINARIA","IMPOSICIÓN SERVIDUMBRE"
"69","ACTIVO","8500133330120160165200","MUNICIPIO DE YOPAL","8918550177","0/0/0","JUZGADO PRIMERO CIVIL MUNICIPAL DE YOPAL","CIVIL - ORDINARIA","IMPOSICIÓN SERVIDUMBRE"
"70","ACTIVO","85001333300220200024100","MUNICIPIO DE YOPAL","8918550177","2020-11-26T00:00:00.000","JUZGADO SEGUNDO ADMINISTRATIVO DEL CIRCUITO DE YOPAL","CONTENCIOSO ADMINISTRATIVO","REPARACIÓN DIRECTA"
"71","ACTIVO","85001333300120190034200","MUNICIPIO DE YOPAL","8918550177","2019-08-22T00:00:00.000","JUZGADO PRIMERO ADMINISTRATIVO DEL CIRCUITO DE YOPAL","CONTENCIOSO ADMINISTRATIVO","NULIDAD Y RESTABLECIMIENTO DEL DERECHO"
"72","ACTIVO","85001333300120180035700","MUNICIPIO DE YOPAL","8918550177","2018-10-04T00:00:00.000","JUZGADO PRIMERO ADMINISTRATIVO DEL CIRCUITO DE YOPAL","CONTENCIOSO ADMINISTRATIVO","NULIDAD Y RESTABLECIMIENTO DEL DERECHO"
"73","ACTIVO","85001333300120190030700","MUNICIPIO DE YOPAL","8918550177","2019-07-02T00:00:00.000","JUZGADO PRIMERO ADMINISTRATIVO DEL CIRCUITO DE YOPAL","CONTENCIOSO ADMINISTRATIVO","CONTROVERSIAS CONTRACTUALES"
"74","ACTIVO","85001333300120190033900","MUNICIPIO DE YOPAL","8918550177","2019-08-12T00:00:00.000","JUZGADO PRIMERO ADMINISTRATIVO DEL CIRCUITO DE YOPAL","CONTENCIOSO ADMINISTRATIVO","NULIDAD Y RESTABLECIMIENTO DEL DERECHO"
"75","ACTIVO","85001333300120190022800","MUNICIPIO DE YOPAL","8918550177","2019-05-08T00:00:00.000","JUZGADO PRIMERO ADMINISTRATIVO DEL CIRCUITO DE YOPAL","CONTENCIOSO ADMINISTRATIVO","NULIDAD Y RESTABLECIMIENTO DEL DERECHO"
"76","ACTIVO","85001333300120210008800","MUNICIPIO DE YOPAL","8918550177","2021-04-30T00:00:00.000","JUZGADO PRIMERO ADMINISTRATIVO DEL CIRCUITO DE YOPAL","CONTENCIOSO ADMINISTRATIVO","CONTROVERSIAS CONTRACTUALES"
"77","ACTIVO","85001333300120210007400","MUNICIPIO DE YOPAL","8918550177","2021-04-09T00:00:00.000","JUZGADO PRIMERO ADMINISTRATIVO DEL CIRCUITO DE YOPAL","CONTENCIOSO ADMINISTRATIVO","REPARACIÓN DIRECTA"
"78","ACTIVO","85001333300220180037700","MUNICIPIO DE YOPAL","8918550177","2018-10-12T00:00:00.000","JUZGADO SEGUNDO ADMINISTRATIVO DEL CIRCUITO DE YOPAL","CONTENCIOSO ADMINISTRATIVO","REPARACIÓN DIRECTA"
"79","ACTIVO","85001333300320220012400","OLMEDO COLINA CARDENAS","9656500","2022-06-09T00:00:00.000","JUZGADO CUARTO ADMINISTRATIVO DEL CIRCUITO DE YOPAL","CONTENCIOSO ADMINISTRATIVO","OTRA ¿Cuál?"
"80","ACTIVO","85001333300220220008200","TRANSPORTE Y SERVICIOS DEL ORIENTE
TRANSORIENTE S.A.S.","844003790","2022-03-03T00:00:00.000","JUZGADO SEGUNDO ADMINISTRATIVO DEL CIRCUITO DE YOPAL","CONTENCIOSO ADMINISTRATIVO","CONTROVERSIAS CONTRACTUALES"
"81","ACTIVO","85001333300120210021200","MUNICIPIO DE YOPAL","8918550177","2021-10-20T00:00:00.000","JUZGADO PRIMERO ADMINISTRATIVO DEL CIRCUITO DE YOPAL","CONTENCIOSO ADMINISTRATIVO","NULIDAD Y RESTABLECIMIENTO DEL DERECHO"
"82","ACTIVO","85001333300120210020100","MUNICIPIO DE YOPAL","8918550177","2021-10-04T00:00:00.000","JUZGADO PRIMERO ADMINISTRATIVO DEL CIRCUITO DE YOPAL","CONTENCIOSO ADMINISTRATIVO","NULIDAD Y RESTABLECIMIENTO DEL DERECHO"
"83","ACTIVO","85001333300120210024500","MUNICIPIO DE YOPAL","8918550177","2021-11-30T00:00:00.000","JUZGADO PRIMERO ADMINISTRATIVO DEL CIRCUITO DE YOPAL","CONTENCIOSO ADMINISTRATIVO","NULIDAD Y RESTABLECIMIENTO DEL DERECHO"
"84","ACTIVO","85001333300120210023800","MUNICIPIO DE YOPAL","8918550177","2021-11-18T00:00:00.000","JUZGADO PRIMERO ADMINISTRATIVO DEL CIRCUITO DE YOPAL","CONTENCIOSO ADMINISTRATIVO","REPARACIÓN DIRECTA"
"85","ACTIVO","85001310500220180023800","MUNICIPIO DE YOPAL","8918550177","2018-08-21T00:00:00.000","JUZGADO SEGUNDO LABORAL DEL CIRCUITO DE YOPAL","LABORAL- ORDINARIA","ORDINARIO LABORAL I INSTANCIA"
"86","ACTIVO","85001310500120210023300","MUNICIPIO DE YOPAL","8918550177","0/0/0","JUZGADO PRIMERO LABORAL DEL CIRCUITO DE YOPAL","LABORAL- ORDINARIA","ORDINARIO LABORAL I INSTANCIA"
"87","ACTIVO","85001333300120220001800","MUNICIPIO DE YOPAL","8918550177","2022-01-20T00:00:00.000","JUZGADO PRIMERO ADMINISTRATIVO DEL CIRCUITO DE YOPAL","CONTENCIOSO ADMINISTRATIVO","NULIDAD Y RESTABLECIMIENTO DEL DERECHO"
"88","ACTIVO","85001333300120220003000","MUNICIPIO DE YOPAL","8918550177","2022-02-04T00:00:00.000","JUZGADO PRIMERO ADMINISTRATIVO DEL CIRCUITO DE YOPAL","CONTENCIOSO ADMINISTRATIVO","NULIDAD Y RESTABLECIMIENTO DEL DERECHO"
"89","ACTIVO","85001333300120220004300","MUNICIPIO DE YOPAL","8918550177","2022-02-18T00:00:00.000","JUZGADO PRIMERO ADMINISTRATIVO DEL CIRCUITO DE YOPAL","CONTENCIOSO ADMINISTRATIVO","NULIDAD Y RESTABLECIMIENTO DEL DERECHO"
"90","ACTIVO","85001333300120220008400","MUNICIPIO DE YOPAL","8918550177","2022-05-02T00:00:00.000","JUZGADO PRIMERO ADMINISTRATIVO DEL CIRCUITO DE YOPAL","CONTENCIOSO ADMINISTRATIVO","REPARACIÓN DIRECTA"
"91","ACTIVO","85001333300120220002100","MUNICIPIO DE YOPAL","8918550177","2022-01-26T00:00:00.000","JUZGADO PRIMERO ADMINISTRATIVO DEL CIRCUITO DE YOPAL","CONTENCIOSO ADMINISTRATIVO","NULIDAD Y RESTABLECIMIENTO DEL DERECHO"
"92","ACTIVO","85001333300220210005900","MUNICIPIO DE YOPAL","8918550177","2021-03-15T00:00:00.000","JUZGADO SEGUNDO ADMINISTRATIVO DEL CIRCUITO DE YOPAL","CONTENCIOSO ADMINISTRATIVO","NULIDAD Y RESTABLECIMIENTO DEL DERECHO"
"93","ACTIVO","85001333300220210008300","MUNICIPIO DE YOPAL","8918550178","2021-04-21T00:00:00.000","JUZGADO SEGUNDO ADMINISTRATIVO DEL CIRCUITO DE YOPAL","CONTENCIOSO ADMINISTRATIVO","NULIDAD Y RESTABLECIMIENTO DEL DERECHO"
"94","ACTIVO","85001333300220210010400","MUNICIPIO DE YOPAL","8918550177","2022-05-28T00:00:00.000","JUZGADO SEGUNDO ADMINISTRATIVO DEL CIRCUITO DE YOPAL","CONTENCIOSO ADMINISTRATIVO","NULIDAD Y RESTABLECIMIENTO DEL DERECHO"
"95","ACTIVO","85001333300220190031400","MUNICIPIO DE YOPAL","8918550177","2019-07-18T00:00:00.000","JUZGADO SEGUNDO ADMINISTRATIVO DEL CIRCUITO DE YOPAL","CONTENCIOSO ADMINISTRATIVO","NULIDAD Y RESTABLECIMIENTO DEL DERECHO"
"96","ACTIVO","85001233300020220001300","MUNICIPIO DE YOPAL","8918550177","2022-02-07T00:00:00.000","TRIBUNAL ADMINISTRATIVO DE CASANARE - DESPACHO 02","CONTENCIOSO ADMINISTRATIVO","CONTROVERSIAS CONTRACTUALES"
"97","ACTIVO","85001333300320210015100","MUNICIPIO DE YOPAL","8918550177","2021-09-07T00:00:00.000","JUZGADO TERCERO ADMINISTRATIVO DEL CIRCUITO DE YOPAL","CONTENCIOSO ADMINISTRATIVO","CONTROVERSIAS CONTRACTUALES"
"98","ACTIVO","85001333300320220014700","DOMINGO CONDE RUEDA
CARLOS ALBERTO LOPEZ PINZON","13465489
91478817","2022-06-28T00:00:00.000","JUZGADO TERCERO ADMINISTRATIVO DEL CIRCUITO DE YOPAL","CONTENCIOSO ADMINISTRATIVO","OTRA ¿Cuál?"
"99","ACTIVO","85001333300220210018700","MUNICIPIO DE YOPAL","8918550177","2021-09-01T00:00:00.000","JUZGADO SEGUNDO ADMINISTRATIVO DEL CIRCUITO DE YOPAL","CONTENCIOSO ADMINISTRATIVO","REPARACIÓN DIRECTA"
"100","ACTIVO","85001333300220210018900","MUNICIPIO DE YOPAL","8918550177","2021-09-06T00:00:00.000","JUZGADO CUARDO ADMINISTRATIVO DEL CIRCUITO DE YOPAL","CONTENCIOSO ADMINISTRATIVO","NULIDAD Y RESTABLECIMIENTO DEL DERECHO"
"101","ACTIVO","POR DETERMINAR","MARCO ANTONIO MONTAÑA PEREZ
ROFER RONCANCIO SANABRIA","74814215
9658715","2022-06-29T00:00:00.000","POR DETERMINAR","CONTENCIOSO ADMINISTRATIVO","OTRA ¿Cuál?"
"102","ACTIVO","85001233300020220012200","MUNICIPIO DE YOPAL","8918550177","2022-10-26T00:00:00.000","TRIBUNAL ADMINISTRATIVO DE CASANARE - DESPACHO 02","CONTENCIOSO ADMINISTRATIVO","CONTROVERSIAS CONTRACTUALES"
"103","ACTIVO","85001310500220220020300","MUNICIPIO DE YOPAL","8918550177","2022-09-19T00:00:00.000","JUZGADO SEGUNDO LABORAL DEL CIRCUITO DE YOPAL","LABORAL- ORDINARIA","ORDINARIO LABORAL I INSTANCIA"
"104","TERMINADO - COBRO DE COSTAS","85001233300020160028100
85001233300020160028103","MUNICIPIO DE YOPAL","8918550177","2020-01-15T00:00:00.000","TRIBUNAL ADMINISTRATIVO DE CASANARE
DESPACHO 03","CONTENCIOSO ADMINISTRATIVO","CONTROVERSIAS CONTRACTUALES"
"105","ACTIVO","85001333300220210024900","MUNICIPIO DE YOPAL","8918550177","2021-12-13T00:00:00.000","JUZGADO PRIMERO ADMINISTRATIVO DEL CIRCUITO DE YOPAL","CONTENCIOSO ADMINISTRATIVO","NULIDAD Y RESTABLECIMIENTO DEL DERECHO"
"106","ACTIVO","85001333300220220015100","CESAR ARMANDO PEÑUELA RODRIGUEZ","7170026","2022-06-28T00:00:00.000","JUZGADO SEGUNDO ADMINISTRATIVO DEL CIRCUITO DE YOPAL","CONTENCIOSO ADMINISTRATIVO","OTRA ¿Cuál?"
"107","ACTIVO","85001333300220220007700","MUNICIPIO DE YOPAL","8918550177","2022-04-25T00:00:00.000","JUZGADO SEGUNDO ADMINISTRATIVO DEL CIRCUITO DE YOPAL","CONTENCIOSO ADMINISTRATIVO","REPARACIÓN DIRECTA"
"108","ACTIVO","85001333300220220010600","MUNICIPIO DE YOPAL","8918550177","2022-05-31T00:00:00.000","JUZGADO SEGUNDO ADMINISTRATIVO DEL CIRCUITO DE YOPAL","CONTENCIOSO ADMINISTRATIVO","NULIDAD Y RESTABLECIMIENTO DEL DERECHO"
"109","ACTIVO","85001233300020220011100","MUNICIPIO DE YOPAL","8918550177","2022-09-28T00:00:00.000","TRIBUNAL ADMINISTRATIVO DE CASANARE - DESPACHO 02","CONTENCIOSO ADMINISTRATIVO","CONTROVERSIAS CONTRACTUALES"
"110","ACTIVO","85001333300220220012900","MUNICIPIO DE YOPAL","8918550177","2023-06-23T00:00:00.000","JUZGADO SEGUNDO ADMINISTRATIVO DEL CIRCUITO DE YOPAL","CONTENCIOSO ADMINISTRATIVO","NULIDAD Y RESTABLECIMIENTO DEL DERECHO"
"111","ACTIVO","85001333300320220015001
85001333300320220015000","MUNICIPIO DE YOPAL","8918550177","2022-08-03T00:00:00.000","JUZGADO TERCERO ADMINISTRATIVO DEL CIRCUITO DE YOPAL","CONTENCIOSO ADMINISTRATIVO","NULIDAD Y RESTABLECIMIENTO DEL DERECHO"
"112","ACTIVO","85001333300320210019500","MUNICIPIO DE YOPAL","8918550177","2021-10-21T00:00:00.000","JUZGADO QUINTO ADMINISTRATIVO DEL CIRCUITO DE YOPAL","CONTENCIOSO ADMINISTRATIVO","NULIDAD Y RESTABLECIMIENTO DEL DERECHO"
"113","ACTIVO","85001333300220230000600","MUNICIPIO DE YOPAL","8918550177","2022-12-19T00:00:00.000","JUZGADO SEGUNDO ADMINISTRATIVO DEL CIRCUITO DE YOPAL","CONTENCIOSO ADMINISTRATIVO","EJECUTIVO"
"114","ACTIVO","85001333300220220025600","MUNICIPIO DE YOPAL","8918550177","2022-12-09T00:00:00.000","JUZGADO CUARTO ADMINISTRATIVO DEL CIRCUITO DE YOPAL","CONTENCIOSO ADMINISTRATIVO","NULIDAD Y RESTABLECIMIENTO DEL DERECHO"
"115","ACTIVO","85001310300220230007500","CLUB SOCIAL Y DEPORTIVO CREDITARIO","844004433-6","2023-05-11T00:00:00.000","JUZGADO SEGUNDO CIVIL DEL CIRCUITO DE YOPAL","CIVIL - ORDINARIA","NULIDAD ABSOLUTA"
"116","ACTIVO","85001333300320220013500","MUNICIPIO DE YOPAL","8918550177","2022-07-18T00:00:00.000","JUZGADO TERCERO ADMINISTRATIVO DEL CIRCUITO DE YOPAL","CONTENCIOSO ADMINISTRATIVO","NULIDAD Y RESTABLECIMIENTO DEL DERECHO"
"117","ACTIVO","85001333300220220019800","MUNICIPIO DE YOPAL","8918550177","2022-09-29T00:00:00.000","JUZGADO SEGUNDO ADMINISTRATIVO DEL CIRCUITO DE YOPAL","CONTENCIOSO ADMINISTRATIVO","NULIDAD Y RESTABLECIMIENTO DEL DERECHO"
"118","ACTIVO","85001333300220220019500","MUNICIPIO DE YOPAL","8918550177","2022-10-03T00:00:00.000","JUZGADO SEGUNDO ADMINISTRATIVO DEL CIRCUITO DE YOPAL","CONTENCIOSO ADMINISTRATIVO","NULIDAD Y RESTABLECIMIENTO DEL DERECHO"
"119","ACTIVO","85001333300320230009300","MUNICIPIO DE YOPAL","8918550177","0/0/0","JUZGADO TERCERO ADMINISTRATIVO DEL CIRCUITO DE YOPAL","CONTENCIOSO ADMINISTRATIVO","NULIDAD SIMPLE"
"120","ACTIVO","85001333300120230001600","MUNICIPIO DE YOPAL","8918550177","0/0/0","JUZGADO PRIMERO ADMINISTRATIVO DEL CIRCUITO DE YOPAL","CONTENCIOSO ADMINISTRATIVO","NULIDAD Y RESTABLECIMIENTO DEL DERECHO"
"121","ACTIVO","85001333300320230002100","MUNICIPIO DE YOPAL","8918550177","0/0/0","JUZGADO CUARTO ADMINISTRATIVO DEL CIRCUITO DE YOPAL","CONTENCIOSO ADMINISTRATIVO","NULIDAD Y RESTABLECIMIENTO DEL DERECHO"
"122","ACTIVO","85001333300120230002300","MUNICIPIO DE YOPAL","8918550177","0/0/0","JUZGADO PRIMERO ADMINISTRATIVO DEL CIRCUITO DE YOPAL","CONTENCIOSO ADMINISTRATIVO","NULIDAD Y RESTABLECIMIENTO DEL DERECHO"
"123","ACTIVO","85001333300120230002900","MUNICIPIO DE YOPAL","8918550177","0/0/0","JUZGADO PRIMERO ADMINISTRATIVO DEL CIRCUITO DE YOPAL","CONTENCIOSO ADMINISTRATIVO","NULIDAD Y RESTABLECIMIENTO DEL DERECHO"
"124","ACTIVO","85001333300120230006800","MUNICIPIO DE YOPAL","8918550177","0/0/0","JUZGADO PRIMERO ADMINISTRATIVO DEL CIRCUITO DE YOPAL","CONTENCIOSO ADMINISTRATIVO","NULIDAD SIMPLE"
"125","ACTIVO","85001333300320230000800","MUNICIPIO DE YOPAL","8918550177","0/0/0","JUZGADO TERCERO ADMINISTRATIVO DEL CIRCUITO DE YOPAL","CONTENCIOSO ADMINISTRATIVO","NULIDAD SIMPLE"
"126","ACTIVO","85001333300120230003100","MUNICIPIO DE YOPAL","8918550177","0/0/0","JUZGADO PRIMERO ADMINISTRATIVO DEL CIRCUITO DE YOPAL","CONTENCIOSO ADMINISTRATIVO","NULIDAD Y RESTABLECIMIENTO DEL DERECHO"
"127","ACTIVO","85001333300120220020700","MUNICIPIO DE YOPAL","8918550177","0/0/0","JUZGADO PRIMERO ADMINISTRATIVO DEL CIRCUITO DE YOPAL","CONTENCIOSO ADMINISTRATIVO","NULIDAD Y RESTABLECIMIENTO DEL DERECHO"
"128","ACTIVO","85001333300220220017600","MUNICIPIO DE YOPAL","8918550177","0/0/0","JUZGADO CUARTO ADMINISTRATIVO DEL CIRCUITO DE YOPAL","CONTENCIOSO ADMINISTRATIVO","NULIDAD Y RESTABLECIMIENTO DEL DERECHO"
"129","ACTIVO","85001333300320210021400","MUNICIPIO DE YOPAL","8918550177","2021-11-11T00:00:00.000","JUZGADO TERCERO ADMINISTRATIVO DEL CIRCUITO DE YOPAL","CONTENCIOSO ADMINISTRATIVO","NULIDAD Y RESTABLECIMIENTO DEL DERECHO"
"130","ACTIVO","85001333300320220023100","MUNICIPIO DE YOPAL","8918550177","0/0/0","JUZGADO CUARTO ADMINISTRATIVO DEL CIRCUITO DE YOPAL","CONTENCIOSO ADMINISTRATIVO","NULIDAD Y RESTABLECIMIENTO DEL DERECHO"
"131","ACTIVO","85001333300120220026000","MUNICIPIO DE YOPAL","8918550177","0/0/0","JUZGADO CUARTO ADMINISTRATIVO DEL CIRCUITO DE YOPAL","CONTENCIOSO ADMINISTRATIVO","NULIDAD Y RESTABLECIMIENTO DEL DERECHO"
"132","ACTIVO","85001333300120230008100","MUNICIPIO DE YOPAL","8918550177","2023-05-24T00:00:00.000","JUZGADO PRIMERO ADMINISTRATIVO DEL CIRCUITO DE YOPAL","CONTENCIOSO ADMINISTRATIVO","NUIDAD Y RESTABLECIMIENTO DEL DERECHO"
"133","ACTIVO","85001333300320220024400","MUNICIPIO DE YOPAL","8918550177","0/0/0","JUZGADO PRIMERO ADMINISTRATIVO DEL CIRCUITO DE YOPAL","CONTENCIOSO ADMINISTRATIVO","NULIDAD Y RESTABLECIMIENTO DEL DERECHO"
"134","ACTIVO","85001333300120230009100","MUNICIPIO DE YOPAL","8918550177","2023-06-15T00:00:00.000","JUZGADO PRIMERO ADMINISTRATIVO DEL CIRCUITO DE YOPAL","CONTENCIOSO ADMINISTRATIVO","NULIDAD Y RESTABLECIMIENTO DEL DERECHO"
"135","ACTIVO","85001333300120220016000","MUNICIPIO DE YOPAL","8918550177","2022-08-11T00:00:00.000","JUZGADO PRIMERO ADMINISTRATIVO DEL CIRCUITO DE YOPAL","CONTENCIOSO ADMINISTRATIVO","NULIDAD Y RESTABLECIMIENTO DEL DERECHO"
"136","ACTIVO","85001333300520240000800","MUNICIPIO DE YOPAL","8918550177","0/0/0","JUZGADO CUARENTA Y CUATRO ADMINISTRATIVO SECCIÓN CUARTA DEL CIRCUITO DE BOGOTA","CONTENCIOSO ADMINISTRATIVO","NULIDAD Y RESTABLECIMIENTO DEL DERECHO"
"137","ACTIVO","85001333300220230015600","MUNICIPIO DE YOPAL","8918550177","2023-08-28T00:00:00.000","JUZGADO SEGUNDO ADMINISTRATIVO DEL CIRCUITO DE YOPAL","CONTENCIOSO ADMINISTRATIVO","NULIDAD SIMPLE"
"138","ACTIVO","85001333300320230011600","MUNICIPIO DE YOPAL","8918550177","0/0/0","JUZGADO TERCERO ADMINISTRATIVO DEL CIRCUITO DE YOPAL","CONTENCIOSO ADMINISTRATIVO","REPARACIÓN DIRECTA"
"139","ACTIVO","85001333300120230015900","ZOILA ROSA ANGUELO RODELO 57403711
RENE LEONARDO PUENTES 74860695
JORGE GARCIA LIZARAZO 7362917
WILLMAN ENRIQUE CELEMIN CÁCERES 9656065","9656065
7362917
17293435
57403711
74860695","2023-09-18T00:00:00.000","JUZGADO PRIMERO ADMINISTRATIVO DEL CIRCUITO DE YOPAL","CONTENCIOSO ADMINISTRATIVO","REPETICIÓN"
"140","ACTIVO","85001333300220230005200","MUNICIPIO DE YOPAL","8918550177","2023-03-09T00:00:00.000","JUZGADO SEGUNDO ADMINISTRATIVO DEL CIRCUITO DE YOPAL","CONTENCIOSO ADMINISTRATIVO","NULIDAD Y RESTABLECIMIENTO DEL DERECHO"
"141","ACTIVO","85001333300220230002400","MUNICIPIO DE YOPAL","8918550177","2023-01-30T00:00:00.000","JUZGADO SEGUNDO ADMINISTRATIVO DEL CIRCUITO DE YOPAL","CONTENCIOSO ADMINISTRATIVO","NULIDAD Y RESTABLECIMIENTO DEL DERECHO"
"142","ACTIVO","85001333300220230005700","MUNICIPIO DE YOPAL","8918550177","2023-02-10T00:00:00.000","JUZGADO SEGUNDO ADMINISTRATIVO DEL CIRCUITO DE YOPAL","CONTENCIOSO ADMINISTRATIVO","NULIDAD Y RESTABLECIMIENTO DEL DERECHO"
"143","ACTIVO","85001333300220230007600","MUNICIPIO DE YOPAL","8918550177","2023-04-27T00:00:00.000","JUZGADO SEGUNDO ADMINISTRATIVO DEL CIRCUITO DE YOPAL","CONTENCIOSO ADMINISTRATIVO","NULIDAD Y RESTABLECIMIENTO DEL DERECHO"
"144","ACTIVO","85001333300220230008200","MUNICIPIO DE YOPAL","8918550177","2023-05-09T00:00:00.000","JUZGADO SEGUNDO ADMINISTRATIVO DEL CIRCUITO DE YOPAL","CONTENCIOSO ADMINISTRATIVO","NULIDAD Y RESTABLECIMIENTO DEL DERECHO"
"145","ACTIVO","85001333300220230009100","MUNICIPIO DE YOPAL","8918550177","2023-05-24T00:00:00.000","JUZGADO SEGUNDO ADMINISTRATIVO DEL CIRCUITO DE YOPAL","CONTENCIOSO ADMINISTRATIVO","NULIDAD Y RESTABLECIMIENTO DEL DERECHO"
"146","ACTIVO","85001333300120220023800","MUNICIPIO DE YOPAL","8918550177","2022-11-21T00:00:00.000","JUZGADO PRIMERO ADMINISTRATIVO DEL CIRCUITO DE YOPAL","CONTENCIOSO ADMINISTRATIVO","CONTROVERSIAS CONTRACTUALES"
"147","ACTIVO","85001333300220230003100","MUNICIPIO DE YOPAL","8918550177","2023-10-27T00:00:00.000","JUZGADO CUARTO ADMINISTRATIVO DEL CIRCUITO DE YOPAL","CONTENCIOSO ADMINISTRATIVO","NULIDAD Y RESTABLECIMIENTO DEL DERECHO"
"148","ACTIVO","85001333300220230010100","MUNICIPIO DE YOPAL","8918550177","2023-10-30T00:00:00.000","JUZGADO SEGUNDO ADMINISTRATIVO DEL CIRCUITO DE YOPAL","CONTENCIOSO ADMINISTRATIVO","NULIDAD Y RESTABLECIMIENTO DEL DERECHO"
"149","ACTIVO","85001333300220230011000","CURADURÍA URBANA No. 1 DE YOPAL
GERMAN MEDINA DELGADO
JAVIER ALEJANDRO MEDINA DELGADO
MIREYA IBÓN DELGADO DE MEDINA","1899-12-31T00:00:00.000","2023-10-31T00:00:00.000","JUZGADO SEGUNDO ADMINISTRATIVO DEL CIRCUITO DE YOPAL","CONTENCIOSO ADMINISTRATIVO","NULIDAD Y RESTABLECIMIENTO DEL DERECHO"
"150","ACTIVO","85001333300220230011100","MUNICIPIO DE YOPAL","8918550177","2023-10-31T00:00:00.000","JUZGADO SEGUNDO ADMINISTRATIVO DEL CIRCUITO DE YOPAL","CONTENCIOSO ADMINISTRATIVO","REPARACIÓN DIRECTA"
"151","ACTIVO","85001333300320230005500","MUNICIPIO DE YOPAL","8918550177","2023-03-16T00:00:00.000","JUZGADO TERCERO ADMINISTRATIVO DEL CIRCUITO DE YOPAL","CONTENCIOSO ADMINISTRATIVO","NULIDAD Y RESTABLECIMIENTO DEL DERECHO"
"152","ACTIVO","85001333300220230011600","MUNICIPIO DE YOPAL","8918550177","2023-07-04T00:00:00.000","JUZGADO SEGUNDO ADMINISTRATIVO DEL CIRCUITO DE YOPAL","CONTENCIOSO ADMINISTRATIVO","NULIDAD Y RESTABLECIMIENTO DEL DERECHO"
"153","ACTIVO","85001333300220220025900","MUNICIPIO DE YOPAL","8918550177","2023-12-16T00:00:00.000","JUZGADO CUARTO ADMINISTRATIVO DEL CIRCUITO DE YOPAL","CONTENCIOSO ADMINISTRATIVO","NULIDAD Y RESTABLECIMIENTO DEL DERECHO"
"154","ACTIVO","PEDRO CAMILO  VIDALES","MUNICIPIO DE YOPAL","8918550177","2023-04-24T00:00:00.000","JUZGADO CUARTO ADMINISTRATIVO DEL CIRCUITO DE YOPAL","CONTENCIOSO ADMINISTRATIVO","CONTROVERSIAS CONTRACTUALES"
"155","ACTIVO","85001333300320230003000","MUNICIPIO DE YOPAL","8918550177","2023-02-07T00:00:00.000","JUZGADO TERCERO ADMINISTRATIVO DEL CIRCUITO DE YOPAL","CONTENCIOSO ADMINISTRATIVO","NULIDAD Y RESTABLECIMIENTO DEL DERECHO"
"156","ACTIVO","85001310500120230018600","MUNICIPIO DE YOPAL","8918550177","2023-08-31T00:00:00.000","JUZGADO PRIMERO LABORAL DEL CIRCUITO DE YOPAL","LABORAL- ORDINARIA","ORDINARIO LABORAL DE I INSTANCIA"
"157","ACTIVO","85001333300120210019800","MUNICIPIO DE YOPAL","8918550177","2023-09-23T00:00:00.000","JUZGADO PRIMERO ADMINISTRATIVO DEL CIRCUITO DE YOPAL","CONTENCIOSO ADMINISTRATIVO","REPARACIÓN DIRECTA"
"158","ACTIVO","85001333300320230013500","MUNICIPIO DE YOPAL","8918550177","2023-07-24T00:00:00.000","JUZGADO TERCERO ADMINISTRATIVO DEL CIRCUITO DE YOPAL","CONTENCIOSO ADMINISTRATIVO","NULIDAD Y RESTABLECIMIENTO DEL DERECHO"
"159","ACTIVO","85001333300320230014900","MUNICIPIO DE YOPAL","8918550177","2023-08-18T00:00:00.000","JUZGADO TERCERO ADMINISTRATIVO DEL CIRCUITO DE YOPAL","CONTENCIOSO ADMINISTRATIVO","NULIDAD Y RESTABLECIMIENTO DEL DERECHO"
"160","ACTIVO","11001032500020230002300","MUNICIPIO DE YOPAL","8918550177","2023-01-31T00:00:00.000","CONSEJO DE ESTADO - SECCIÓN SEGUNDA","CONTENCIOSO ADMINISTRATIVO","NULIDAD SIMPLE"
"161","ACTIVO","85001333300320220005000","MUNICIPIO DE YOPAL","8918550177","2022-02-25T00:00:00.000","JUZGADO TERCERO ADMINISTRATIVO DEL CIRCUITO DE YOPAL","CONTENCIOSO ADMINISTRATIVO","NULIDAD Y RESTABLECIMIENTO DEL DERECHO"
"162","ACTIVO","8500131050022024008800","MUNICIPIO DE YOPAL","8918550177","2024-04-17T00:00:00.000","JUZGADO SEGUNDO LABORAL DEL CIRCUITO DE YOPAL","LABORAL- ORDINARIA","ORDINARIO LABORAL DE I INSTANCIA"
"163","ACTIVO","85001333300220220025200","MUNICIPIO DE YOPAL","8918550177","2022-12-05T00:00:00.000","JUZGADO SEGUNDO ADMINISTRATIVO DEL CIRCUITO DE YOPAL","CONTENCIOSO ADMINISTRATIVO","NULIDAD Y RESTABLECIMIENTO DEL DERECHO"
"164","ACTIVO","85001333300220240004600","MUNICIPIO DE YOPAL","8918550177","2024-04-01T00:00:00.000","JUZGADO SEGUNDO ADMINISTRATIVO DEL CIRCUITO DE YOPAL","CONTENCIOSO ADMINISTRATIVO","NULIDAD Y RESTABLECIMIENTO DEL DERECHO"
"165","ACTIVO","85001333300520240000500","MUNICIPIO DE YOPAL","8918550177","2024-04-08T00:00:00.000","JUZGADO QUINTO ADMINISTRATIVO DEL CIRCUITO DE YOPAL","CONTENCIOSO ADMINISTRATIVO","NULIDAD Y RESTABLECIMIENTO DEL DERECHO"
"166","ACTIVO","85001333300220240004400","MUNICIPIO DE YOPAL","8918550177","0/0/0","JUZGADO SEGUNDO ADMINISTRATIVO DEL CIRCUITO DE YOPAL","CONTENCIOSO ADMINISTRATIVO","NULIDAD Y RESTABLECIMIENTO DEL DERECHO"
"167","ACTIVO","85001333300320230019300","MUNICIPIO DE YOPAL","8918550177","0/0/0","JUZGADO QUINTO ADMINISTRATIVO DEL CIRCUITO DE YOPAL","CONTENCIOSO ADMINISTRATIVO","NUIDAD Y RESTABLECIMIENTO DEL DERECHO"
"168","ACTIVO","8500131050022024009300","MUNICIPIO DE YOPAL","8918550177","0/0/0","JUZGADO SEGUNDO LABORAL DEL CIRCUITO DE YOPAL","ORDINARIA - LABORAL","ORDINARIO LABORAL DE I INSTANCIA"
"169","ACTIVO","85001333300520240000400","MUNICIPIO DE YOPAL","8918550177","0/0/0","JUZGADO QUINTO ADMINISTRATIVO DEL CIRCUITO DE YOPAL","CONTENCIOSO ADMINISTRATIVO","NULIDAD Y RESTABLECIMIENTO DEL DERECHO"
"170","ACTIVO","85001333300320240004000","MUNICIPIO DE YOPAL","8918550177","0/0/0","JUZGADO TERCERO ADMINISTRATIVO DEL CIRCUITO DE YOPAL","CONTENCIOSO ADMINISTRATIVO","NULIDAD Y RESTABLECIMIENTO DEL DERECHO"
"171","ACTIVO","85001333300220190000300","MUNICIPIO DE YOPAL","8918550177","0/0/0","JUZGADO CUARTO ADMINISTRATIVO DEL CIRCUITO DE YOPAL","CONTENCIOSO ADMINISTRATIVO","NULIDAD Y RESTABLECIMIENTO DEL DERECHO"
"172","ACTIVO","11001333603120230018900","MUNICIPIO DE YOPAL","8918550177","0/0/0","JUZGADO TREINTA Y UNO ADMINISTRATIVO SECCIÓN TERCERA DE BOGOTA","LABORAL- ORDINARIA","ORDINARIO LABORAL DE I INSTANCIA"
"173","ACTIVO","85001333300320230021600","MUNICIPIO DE YOPAL","8918550177","0/0/0","JUZGADO TERCERO ADMINISTRATIVO DEL CIRCUITO DE YOPAL","CONTENCIOSO ADMINISTRATIVO","NULIDAD Y RESTABLECIMIENTO DEL DERECHO"
"174","ACTIVO","85001233300020240001000","MUNICIPIO DE YOPAL","8918550177","0/0/0","TRIBUNAL ADMINISTRATIVO DE CASANARE","CONTENCIOSO ADMINISTRATIVO","CONTROVERSIAS CONTRACTUALES"
"175","ACTIVO","8500131050022024002600","MUNICIPIO DE YOPAL","8918550177","0/0/0","JUZGADO SEGUNDO LABORAL DEL CIRCUITO DE YOPAL","ORDINARIA - LABORAL","ORDINARIO LABORAL DE I INSTANCIA"
"176","ACTIVO","85001333300420240003200","MUNICIPIO DE YOPAL","8918550177","2024-03-13T00:00:00.000","JUZGADO CUARTO ADMINISTRATIVO DEL CIRCUITO DE YOPAL","CONTENCIOSO ADMINISTRATIVO","NULIDAD Y RESTABLECIMIENTO DEL DERECHO"
"177","ACTIVO","85001333300320240007300","MUNICIPIO DE YOPAL","8918550177","2024-05-07T00:00:00.000","JUZGADO TERCERO ADMINISTRATIVO DEL CIRCUITO DE YOPAL","CONTENCIOSO ADMINISTRATIVO","REPARACIÓN DIRECTA"
"178","ACTIVO","85001233300020240006400","MUNICIPIO DE YOPAL","8918550177","2024-05-31T00:00:00.000","TRIBUNAL ADMINISTRATIVO DE CASANARE
DESPACHO","CONTENCIOSO ADMINISTRATIVO","NULIDAD Y RESTABLECIMIENTO DEL DERECHO"
"179","ACTIVO","85001333300320240009500","MUNICIPIO DE YOPAL","8918550177","2024-06-12T00:00:00.000","JUZGADO TERCERO ADMINISTRATIVO DEL CIRCUITO DE YOPAL","CONTENCIOSO ADMINISTRATIVO","NULIDAD SIMPLE"
"180","ACTIVO","85001333300320240014200","MUNICIPIO DE YOPAL","8918550177","2024-07-31T00:00:00.000","JUZGADO TERCERO ADMINISTRATIVO DEL CIRCUITO DE YOPAL","CONTENCIOSO ADMINISTRATIVO","REPARACIÓN DIRECTA"
"181","ACTIVO","85001333300320240013000","MUNICIPIO DE YOPAL","8918550177","2024-07-15T00:00:00.000","JUZGADO TERCERO ADMINISTRATIVO DEL CIRCUITO DE YOPAL","CONTENCIOSO ADMINISTRATIVO","NULIDAD Y RESTABLECIMIENTO DEL DERECHO"
"182","ACTIVO","85001333300120210007300","MUNICIPIO DE YOPAL","8918550177","2021-04-07T00:00:00.000","JUZGADO PRIMERO ADMINISTRATIVO DEL CIRCUITO DE YOPAL","CONTENCIOSO ADMINISTRATIVO","NULIDAD Y RESTABLECIMIENTO DEL DERECHO"
"183","ACTIVO","85001333300120230002600","MUNICIPIO DE YOPAL","8918550177","2023-02-16T00:00:00.000","JUZGADO QUINTO ADMINISTRATIVO DEL CIRCUITO DE YOPAL","CONTENCIOSO ADMINISTRATIVO","REPARACIÓN DIRECTA"
"184","ACTIVO","85001333300420230010300","MUNICIPIO DE YOPAL","8918550177","2023-11-20T00:00:00.000","JUZGADO CUARTO ADMINISTRATIVO DEL CIRCUITO DE YOPAL","CONTENCIOSO ADMINISTRATIVO","NULIDAD Y RESTABLECIMIENTO DEL DERECHO"
"185","ACTIVO","85001333300120230014900","MUNICIPIO DE YOPAL","8918550177","2023-08-28T00:00:00.000","TRIBUNAL ADMINISTRATIVO DE CASANARE","CONTENCIOSO ADMINISTRATIVO","REPARACIÓN DIRECTA"
"186","ACTIVO","85001333300420240007900","MUNICIPIO DE YOPAL","8918550177","2024-06-20T00:00:00.000","JUZGADO CUARTO ADMINISTRATIVO DEL CIRCUITO DE YOPAL","CONTENCIOSO ADMINISTRATIVO","NULIDAD Y RESTABLECIMIENTO DEL DERECHO"
"187","ACTIVO","85001333300320240014400","MUNICIPIO DE YOPAL","8918550177","2024-07-31T00:00:00.000","JUZGADO TERCERO ADMINISTRATIVO DEL CIRCUITO DE YOPAL","CONTENCIOSO ADMINISTRATIVO","NULIDAD Y RESTABLECIMIENTO DEL DERECHO"
"188","ACTIVO","N/A","MUNICIPIO DE YOPAL","8918550177","2024-06-24T00:00:00.000","JUZGADO TERCERO ADMINISTRATIVO DEL CIRCUITO DE YOPAL","CONTENCIOSO ADMINISTRATIVO","NULIDAD Y RESTABLECIMIENTO DEL DERECHO"
"189","ACTIVO","85001333300220230020200","MUNICIPIO DE YOPAL","8918550177","2023-11-15T00:00:00.000","JUZGADO SEGUNDO ADMINISTRATIVO DEL CIRCUITO DE YOPAL","CONTENCIOSO ADMINISTRATIVO","NULIDAD Y RESTABLECIMIENTO DEL DERECHO"
"190","ACTIVO","85001333300220240015400","MUNICIPIO DE YOPAL","8918550177","2024-08-28T00:00:00.000","JUZGADO SEGUNDO ADMINISTRATIVO DEL CIRCUITO DE YOPAL","CONTENCIOSO ADMINISTRATIVO","NULIDAD Y RESTABLECIMIENTO DEL DERECHO"
"191","ACTIVO","85001333300320240018400","MUNICIPIO DE YOPAL","8918550177","2024-09-26T00:00:00.000","JUZGADO TERCERO ADMINISTRATIVO DEL CIRCUITO DE YOPAL","CONTENCIOSO ADMINISTRATIVO","CONTROVERSIAS CONTRACTUALES"
"192","ACTIVO","85001333300320240018600","MUNICIPIO DE YOPAL","8918550177","2024-09-24T00:00:00.000","JUZGADO TERCERO ADMINISTRATIVO DEL CIRCUITO DE YOPAL","CONTENCIOSO ADMINISTRATIVO","NULIDAD Y RESTABLECIMIENTO DEL DERECHO"
"193","ACTIVO","85001333300320240018300","MUNICIPIO DE YOPAL","8918550177","2024-09-20T00:00:00.000","JUZGADO TERCERO ADMINISTRATIVO DEL CIRCUITO DE YOPAL","CONTENCIOSO ADMINISTRATIVO","REPARACIÓN DIRECTA"
"194","ACTIVO","85001333300320240018900","MUNICIPIO DE YOPAL","8918550177","2024-10-02T00:00:00.000","JUZGADO TERCERO ADMINISTRATIVO DEL CIRCUITO DE YOPAL","CONTENCIOSO ADMINISTRATIVO","NULIDAD Y RESTABLECIMIENTO DEL DERECHO"
"195","ACTIVO","85001333300320230001800","MUNICIPIO DE YOPAL","8918550177","2023-01-23T00:00:00.000","JUZGADO TERCERO ADMINISTRATIVO DEL CIRCUITO DE YOPAL","CONTENCIOSO ADMINISTRATIVO","NULIDAD Y RESTABLECIMIENTO DEL DERECHO"
"196","ACTIVO","85001310500220240018100","MUNICIPIO DE YOPAL","8918550177","2024-09-03T00:00:00.000","JUZGADO SEGUNDO LABORAL DEL CIRCUITO DE YOPAL","CONTENCIOSO ADMINISTRATIVO","ORDINARIO LABORAL"
"197","ACTIVO","85001333300120240007500","MUNICIPIO DE YOPAL","8918550177","2024-05-20T00:00:00.000","JUZGADO PRIMERO ADMINISTRATIVO DEL CIRCUITO DE YOPAL","CONTENCIOSO ADMINISTRATIVO","REPARACION DIRECTA"
"198","ACTIVO","85001333300120240004400","MUNICIPIO DE YOPAL","8918550177","2024-03-22T00:00:00.000","JUZGADO PRIMERO ADMINISTRATIVO DEL CIRCUITO DE YOPAL","CONTENCIOSO ADMINISTRATIVO","NULIDAD Y RESTABLECIMIENTO DEL DERECHO"
"199","ACTIVO","85001310500220240017000","MUNICIPIO DE YOPAL","8918550177","2024-08-14T00:00:00.000","JUZGADO SEGUNDO LABORAL DEL CIRCUITO DE YOPAL","ORDINARIA - LABORAL","ORDINARIO LABORAL DE I INSTANCIA"
"200","ACTIVO","85001333300320240015200","MUNICIPIO DE YOPAL","8918550177","2024-08-09T00:00:00.000","JUZGADO TERCERO ADMINISTRATIVO DEL CIRCUITO DE YOPAL","CONTENCIOSO ADMINISTRATIVO","NULIDAD Y RESTABLECIMIENTO DEL DERECHO"
"201","ACTIVO","85001333300220240012300","MUNICIPIO DE YOPAL","8918550177","2024-04-22T00:00:00.000","JUZGADO SEGUNDO ADMINISTRATIVO DEL CIRCUITO DE YOPAL","CONTENCIOSO ADMINISTRATIVO","NULIDAD Y RESTABLECIMIENTO DEL DERECHO"
"202","ACTIVO","85001333300420240011800","MUNICIPIO DE YOPAL","8918550177","2024-07-31T00:00:00.000","JUZGADO CUARTO ADMINISTRATIVO DEL CIRCUITO DE YOPAL","CONTENCIOSO ADMINISTRATIVO","NULIDAD Y RESTABLECIMIENTO DEL DERECHO"
"203","ACTIVO","85001333300220240009200","MUNICIPIO DE YOPAL","8918550177","2024-06-17T00:00:00.000","JUZGADO SEGUNDO ADMINISTRATIVO DEL CIRCUITO DE YOPAL","CONTENCIOSO ADMINISTRATIVO","NULIDAD Y RESTABLECIMIENTO DEL DERECHO"
"204","ACTIVO","85001333300420240010800","MUNICIPIO DE YOPAL","8918550177","2024-07-23T00:00:00.000","JUZGADO CUARTO ADMINISTRATIVO DEL CIRCUITO DE YOPAL","CONTENCIOSO ADMINISTRATIVO","NULIDAD Y RESTABLECIMIENTO DEL DERECHO"
"205","ACTIVO","85001333300420240012400","MUNICIPIO DE YOPAL","8918550177","2024-08-06T00:00:00.000","JUZGADO CUARTO ADMINISTRATIVO DEL CIRCUITO DE YOPAL","CONTENCIOSO ADMINISTRATIVO","NULIDAD Y RESTABLECIMIENTO DEL DERECHO"
"206","ACTIVO","85001333300520240008300","MUNICIPIO DE YOPAL","8918550177","2024-08-15T00:00:00.000","JUZGADO  QUINTO ADMINISTRATIVO DEL CIRCUITO DE YOPAL","CONTENCIOSO ADMINISTRATIVO","NULIDAD Y RESTABLECIMIENTO DEL DERECHO"
"207","ACTIVO","85001333300320240008800","MUNICIPIO DE YOPAL","8918550177","2024-05-24T00:00:00.000","JUZGADO TERCERO ADMINISTRATIVO DEL CIRCUITO DE YOPAL","CONTENCIOSO ADMINISTRATIVO","NULIDAD Y RESTABLECIMIENTO DEL DERECHO"
"208","ACTIVO","85001310500120240013000","MUNICIPIO DE YOPAL","8918550177","2024-06-12T00:00:00.000","JUZGADO PRIMERO LABORAL DEL CIRCUITO DE YOPAL","ORDINARIA - LABORAL","ORDINARIO LABORAL DE I INSTANCIA"
"209","ACTIVO","85001310500120230024000","MUNICIPIO DE YOPAL","8918550177","2023-11-21T00:00:00.000","JUZGADO PRIMERO LABORAL DEL CIRCUITO DE YOPAL","ORDINARIA - LABORAL","ORDINARIO LABORAL DE I INSTANCIA"
"210","ACTIVO","85001333300120230016300","MUNICIPIO DE YOPAL","8918550177","2023-09-27T00:00:00.000","JUZGADO PRIMERO ADMINISTRATIVO DEL CIRCUITO DE YOPAL","CONTENCIOSO ADMINISTRATIVO","NULIDAD Y RESTABLECIMIENTO DEL DERECHO"
"211","ACTIVO","85001333300420240005600","MUNICIPIO DE YOPAL","8918550177","2024-04-30T00:00:00.000","JUZGADO CUARTO ADMINISTRATIVO DEL CIRCUITO DE YOPAL","CONTENCIOSO ADMINISTRATIVO","NULIDAD Y RESTABLECIMIENTO DEL DERECHO"
"212","ACTIVO","85001333300420240007100","MUNICIPIO DE YOPAL","8918550177","2024-05-28T00:00:00.000","JUZGADO CUARTO ADMINISTRATIVO DEL CIRCUITO DE YOPAL","CONTENCIOSO ADMINISTRATIVO","NULIDAD Y RESTABLECIMIENTO DEL DERECHO"
"213","ACTIVO","85001333300320240010400","MUNICIPIO DE YOPAL","8918550177","2024-06-24T00:00:00.000","JUZGADO TERCERO ADMINISTRATIVO DEL CIRCUITO DE YOPAL","CONTENCIOSO ADMINISTRATIVO","NULIDAD Y RESTABLECIMIENTO DEL DERECHO"
"214","ACTIVO","85001333300520240001200","MUNICIPIO DE YOPAL","8918550177","2024-04-19T00:00:00.000","JUZGADO QUINTO ADMINISTRATIVO DEL CIRCUITO DE YOPAL","CONTENCIOSO ADMINISTRATIVO","CONTROVERSIAS CONTRACTUALES"
"215","ACTIVO","85001333300120230005100","MUNICIPIO DE YOPAL","8918550177","2023-03-24T00:00:00.000","JUZGADO PRIMERO ADMINISTRATIVO DEL CIRCUITO DE YOPAL","CONTENCIOSO ADMINISTRATIVO","NULIDAD Y RESTABLECIMIENTO DEL DERECHO"
"216","ACTIVO","85001333300520240002600","MUNICIPIO DE YOPAL","8918550177","2024-05-06T00:00:00.000","JUZGADO QUINTO ADMINISTRATIVO DEL CIRCUITO DE YOPAL","CONTENCIOSO ADMINISTRATIVO","NULIDAD Y RESTABLECIMIENTO DEL DERECHO"
"217","ACTIVO","85001333300220230014100","MUNICIPIO DE YOPAL","8918550177","2023-08-09T00:00:00.000","JUZGADO SEGUNDO ADMINISTRATIVO DEL CIRCUITO DE YOPAL","CONTENCIOSO ADMINISTRATIVO","NULIDAD Y RESTABLECIMIENTO DEL DERECHO"
"218","ACTIVO","85001333300420240007500","MUNICIPIO DE YOPAL","8918550177","2024-06-14T00:00:00.000","JUZGADO CUARTO ADMINISTRATIVO DEL CIRCUITO DE YOPAL","CONTENCIOSO ADMINISTRATIVO","NULIDAD Y RESTABLECIMIENTO DEL DERECHO"
"219","ACTIVO","85001333300120240001100","MUNICIPIO DE YOPAL","8918550177","2024-01-23T00:00:00.000","JUZGADO PRIMERO ADMINISTRATIVO DEL CIRCUITO DE YOPAL","CONTENCIOSO ADMINISTRATIVO","NULIDAD Y RESTABLECIMIENTO DEL DERECHO"
"220","ACTIVO","85001333300120200019600","MUNICIPIO DE YOPAL","8918550177","2021-09-01T00:00:00.000","JUZGADO PRIMERO ADMINISTRATIVO DEL CIRCUITO DE YOPAL","CONTENCIOSO ADMINISTRATIVO","EJECUTIVO SINGULAR"
"221","ACTIVO","85001333300120230010700","MUNICIPIO DE YOPAL","8918550177","2023-07-06T00:00:00.000","JUZGADO QUINTO ADMINISTRATIVO DEL CIRCUITO DE YOPAL","CONTENCIOSO ADMINISTRATIVO","NULIDAD Y RESTABLECIMIENTO DEL DERECHO"
"222","ACTIVO","85001333300120240015000","MUNICIPIO DE YOPAL","8918550177","2024-08-21T00:00:00.000","JUZGADO PRIMERO ADMINISTRATIVO DEL CIRCUITO DE YOPAL","CONTENCIOSO ADMINISTRATIVO","NULIDAD Y RESTABLECIMIENTO DEL DERECHO"
"223","ACTIVO","85001333300320240012000","MUNICIPIO DE YOPAL","8918550177","2024-07-02T00:00:00.000","JUZGADO TERCERO ADMINISTRATIVO DEL CIRCUITO DE YOPAL","CONTENCIOSO ADMINISTRATIVO","NULIDAD Y RESTABLECIMIENTO DEL DERECHO"
"224","ACTIVO","85001333300320240002600","MUNICIPIO DE YOPAL","8918550177","2024-02-19T00:00:00.000","JUZGADO QUINTO ADMINISTRATIVO DEL CIRCUITO DE YOPAL","CONTENCIOSO ADMINISTRATIVO","NULIDAD Y RESTABLECIMIENTO DEL DERECHO"
"225","ACTIVO","85001333300220230012600","MUNICIPIO DE YOPAL","8918550177","2023-07-19T00:00:00.000","JUZGADO QUINTO ADMINISTRATIVO DEL CIRCUITO DE YOPAL","CONTENCIOSO ADMINISTRATIVO","REPARACION DIRECTA"
"226","ACTIVO","85001333300420240002300","MUNICIPIO DE YOPAL","8918550177","2024-02-27T00:00:00.000","JUZGADO CUARTO ADMINISTRATIVO DEL CIRCUITO DE YOPAL","CONTENCIOSO ADMINISTRATIVO","REPARACIÓN DIRECTA"
"227","ACTIVO","85001333300420240015700","MUNICIPIO DE YOPAL","8918550177","2024-09-30T00:00:00.000","JUZGADO CUARTO ADMINISTRATIVO DEL CIRCUITO DE YOPAL","CONTENCIOSO ADMINISTRATIVO","NULIDAD Y RESTABLECIMIENTO DEL DERECHO"
"228","ACTIVO","85001333300220230018300","MUNICIPIO DE YOPAL","8918550177","2024-09-30T00:00:00.000","JUZGADO CUARTO ADMINISTRATIVO DEL CIRCUITO DE YOPAL","CONTENCIOSO ADMINISTRATIVO","NULIDAD Y RESTABLECIMIENTO DEL DERECHO"
"229","ACTIVO","85001333300220230015900","MUNICIPIO DE YOPAL","8918550177","2023-09-06T00:00:00.000","JUZGADO SEGUNDO ADMINISTRATIVO DEL CIRCUITO DE YOPAL","CONTENCIOSO ADMINISTRATIVO","NULIDAD Y RESTABLECIMIENTO DEL DERECHO"
"230","ACTIVO","85001333300320250021200","MUNICIPIO DE YOPAL","8918550177","2025-03-18T00:00:00.000","JUZGADO TERCERO ADMINISTRATIVO DEL CIRCUITO DE YOPAL","CONTENCIOSO ADMINISTRATIVO","NULIDAD Y RESTABLECIMIENTO DEL DERECHO"
"231","ACTIVO","85001333300520250003900","MUNICIPIO DE YOPAL","8918550177","2025-02-03T00:00:00.000","JUZGADO QUINTO ADMINISTRATIVO DEL CIRCUITO DE YOPAL","CONTENCIOSO ADMINISTRATIVO","CONTROVERSIAS CONTRACTUALES"
"232","ACTIVO","85001233300020250004700","MUNICIPIO DE YOPAL","8918550177","2025-04-04T00:00:00.000","TRIBUNAL ADMINISTRATIVO DE CASANARE","CONTENCIOSO ADMINISTRATIVO","NULIDAD SIMPLE"
"233","ACTIVO","85001233300020250004200","MUNICIPIO DE YOPAL","8918550177","2025-03-25T00:00:00.000","TRIBUNAL ADMINISTRATIVO DE CASANARE","CONTENCIOSO ADMINISTRATIVO","NULIDAD Y RESTABLECIMIENTO DEL DERECHO"
"234","ACTIVO","85001333300320250003800","MUNICIPIO DE YOPAL","8918550177","2025-01-22T00:00:00.000","JUZGADO TERCERO ADMINISTRATIVO DEL CIRCUITO DE YOPAL","CONTENCIOSO ADMINISTRATIVO","NULIDAD Y RESTABLECIMIENTO DEL DERECHO"
"235","ACTIVO","2025-004","MUNICIPIO DE YOPAL","8918550177","0/0/0","CENTRO DE CONCILIACIÓN 
ARBITRAJE Y AMIGABLE COMPOSICIÓN
CAMARA DE COMERCIO DE CASANARE","ARBITRAL","ARBITRAJE"
"236","ACTIVO","85001310500220250008000","MUNICIPIO DE YOPAL","8918550177","2025-05-28T00:00:00.000","JUZGADO SEGUNDO LABORAL DEL CIRCUITO DE YOPAL","ORDINARIA - LABORAL","ORDINARIO LABORAL DE I INSTANCIA"
"237","ACTIVO","85001333300220240013600","MUNICIPIO DE YOPAL","8918550177","2024-04-05T00:00:00.000","JUZGADO SEGUNDO ADMINISTRATIVO DEL CIRCUITO DE YOPAL","CONTENCIOSO ADMINISTRATIVO","NULIDAD Y RESTABLECIMIENTO DEL DERECHO"
"238","ACTIVO","85001333300120250022900","MUNICIPIO DE YOPAL","8918550177","2025-03-27T00:00:00.000","JUZGADO PRIMERO ADMINISTRATIVO DEL CIRCUITO DE YOPAL","CONTENCIOSO ADMINISTRATIVO","NULIDAD Y RESTABLECIMIENTO DEL DERECHO"
"239","ACTIVO","85001333300120240003500","MUNICIPIO DE YOPAL","8918550177","2024-03-06T00:00:00.000","JUZGADO PRIMERO ADMINISTRATIVO DEL CIRCUITO DE YOPAL","CONTENCIOSO ADMINISTRATIVO","NULIDAD Y RESTABLECIMIENTO DEL DERECHO"
"240","ACTIVO","85001233300020250008800","MUNICIPIO DE YOPAL","8918550177","2025-07-02T00:00:00.000","TRIBUNAL ADMINISTRATIVO DE CASANARE","CONTENCIOSO ADMINISTRATIVO","REPARACIÓN DIRECTA"
"241","ACTIVO","85001233300020240012300","MUNICIPIO DE YOPAL","8918550177","2023-06-21T00:00:00.000","JUZGADO PRIMERO ADMINISTRATIVO DEL CIRCUITO DE YOPAL","CONTENCIOSO ADMINISTRATIVO","REPETICIÓN"
"242","ACTIVO","85001333300120250036200","MUNICIPIO DE YOPAL","8918550177","2025-08-14T00:00:00.000","JUZGADO PRIMERO ADMINISTRATIVO DEL CIRCUITO DE YOPAL","CONTENCIOSO ADMINISTRATIVO","NULIDAD SIMPLE"
"243","ACTIVO","85001233300020250011500","EMPRESA INDUSTRIAL DEL ESTADO CATASIG","901554931-8","2025-08-19T00:00:00.000","TRIBUNAL ADMINISTRATIVO DE CASANARE","CONTENCIOSO ADMINISTRATIVO","CONTROVERSIAS CONTRACTUALES"
"244","ACTIVO","85001310500120250007500","MUNICIPIO DE YOPAL","8918550177","0/0/0","JUZGADO PRIMERO LABORAL DEL CIRCUITO DE YOPAL","ORDINARIO LABORAL","ORDINARIO LABORAL I INSTANCIA"
"245","ACTIVO","85001333300220250034700","SEGUROS DEL ESTADO SA
YENNY PAOLA PRIETO","0/0/0","2025-07-28T00:00:00.000","JUZGADO SEGUNDO ADMINISTRATIVO DEL CIRCUITO DE YOPAL","CONTENCIOSO ADMINISTRATIVO","APROBACIÓN CONCILIACIÓN EXTRAJUDICIAL"
"246","ACTIVO","85001333300420250029200","MUNICIPIO DE YOPAL","8918550177","2025-07-09T00:00:00.000","JUZGADO CUARTO ADMINISTRATIVO DEL CIRCUITO DE YOPAL","CONTENCIOSO ADMINISTRATIVO","NULIDAD Y RESTABLECIMIENTO DEL DERECHO"
"247","ACTIVO","85001333300420240012900","MUNICIPIO DE YOPAL","8918550177","2024-08-16T00:00:00.000","JUZGADO CUARTO ADMINISTRATIVO DEL CIRCUITO DE YOPAL","CONTENCIOSO ADMINISTRATIVO","NULIDAD Y RESTABLECIMIENTO DEL DERECHO"
"248","ACTIVO","85001333300520250032400","MUNICIPIO DE YOPAL","8918550177","2025-07-17T00:00:00.000","JUZGADO QUINTO ADMINISTRATIVO DEL CIRCUITO DE YOPAL","CONTENCIOSO ADMINISTRATIVO","NULIDAD Y RESTABLECIMIENTO DEL DERECHO"
"249","ACTIVO","85001333300320250021800","MUNICIPIO DE YOPAL","8918550177","2025-03-26T00:00:00.000","JUZGADO TERCERO ADMINISTRATIVO DEL CIRCUITO DE YOPAL","CONTENCIOSO ADMINISTRATIVO","NULIDAD Y RESTABLECIMIENTO DEL DERECHO"
"250","ACTIVO","85001333300320240002200","MUNICIPIO DE YOPAL","8918550177","2024-02-12T00:00:00.000","JUZGADO TERCERO ADMINISTRATIVO DEL CIRCUITO DE YOPAL","CONTENCIOSO ADMINISTRATIVO","NULIDAD Y RESTABLECIMIENTO DEL DERECHO"
"251","ACTIVO","85001333300520250024400","MUNICIPIO DE YOPAL","8918550177","2025-04-11T00:00:00.000","JUZGADO QUINTO ADMINISTRATIVO DEL CIRCUITO DE YOPAL","CONTENCIOSO ADMINISTRATIVO","NULIDAD Y RESTABLECIMIENTO DEL DERECHO"
"252","ACTIVO","85001333300320250030200","JAIRO ENRIQUE GARCIA TRONCOSO
HERNANDO HERRERA VILLALBA","8918550177","2025-06-03T00:00:00.000","JUZGADO TERCERO ADMINISTRATIVO DEL CIRCUITO DE YOPAL","CONTENCIOSO ADMINISTRATIVO","NULIDAD SIMPLE"
"253","ACTIVO","85001233300020250007300","MUNICIPIO DE YOPAL","8918550177","2025-05-27T00:00:00.000","TRIBUNAL ADMINISTRATIVO DE CASANARE","CONTENCIOSO ADMINISTRATIVO","NULIDAD Y RESTABLECIMIENTO DEL DERECHO"
"254","ACTIVO","85001333300420240023900","YESID JIMENEZ SILVA","74751589","2024-12-03T00:00:00.000","JUZGADO CUARTO ADMINISTRATIVO DEL CIRCUITO DE YOPAL","CONTENCIOSO ADMINISTRATIVO","REPETICIÓN"
"255","ACTIVO","85001310500120250005800","MUNICIPIO DE YOPAL","8918550177","2025-04-04T00:00:00.000","JUZGADO PRIMERO LABORAL DEL CIRCUITO DE YOPAL","ORDINARIO LABORAL","ORDINARIO LABORAL I INSTANCIA"
"256","ACTIVO","85001310500120250006300","MUNICIPIO DE YOPAL","8918550177","2025-04-28T00:00:00.000","JUZGADO PRIMERO LABORAL DEL CIRCUITO DE YOPAL","ORDINARIO LABORAL","ORDINARIO LABORAL I INSTANCIA"
"257","ACTIVO","85001310500120250006900","MUNICIPIO DE YOPAL","8918550177","2025-05-07T00:00:00.000","JUZGADO PRIMERO LABORAL DEL CIRCUITO DE YOPAL","ORDINARIO LABORAL","ORDINARIO LABORAL I INSTANCIA"
"258","ACTIVO","85001233300020250008000","MUNICIPIO DE YOPAL","8918550177","2025-06-11T00:00:00.000","TRIBUNAL ADMINISTRATIVO DE CASANARE","CONTENCIOSO ADMINISTRATIVO","CONTROVERSIAS CONTRACTUALES"
"259","ACTIVO","85001333300220230020700","MUNICIPIO DE YOPAL","8918550177","2023-11-21T00:00:00.000","JUZGADO SEGUNDO ADMINISTRATIVO DEL CIRCUITO DE YOPAL","CONTENCIOSO ADMINISTRATIVO","NULIDAD Y RESTABLECIMIENTO DEL DERECHO"
"260","ACTIVO","85001333300120240018500","MUNICIPIO DE YOPAL","8918550177","2024-09-25T00:00:00.000","JUZGADO PRIMERO ADMINISTRATIVO DEL CIRCUITO DE YOPAL","CONTENCIOSO ADMINISTRATIVO","NULIDAD Y RESTABLECIMIENTO DEL DERECHO"
"261","ACTIVO","85001333300120250026400","MUNICIPIO DE YOPAL","8918550177","2025-03-17T00:00:00.000","JUZGADO PRIMERO ADMINISTRATIVO DEL CIRCUITO DE YOPAL","CONTENCIOSO ADMINISTRATIVO","NULIDAD SIMPLE"
"262","ACTIVO","85001333300120240026000","MUNICIPIO DE YOPAL","8918550177","2024-11-29T00:00:00.000","JUZGADO PRIMERO ADMINISTRATIVO DEL CIRCUITO DE YOPAL","CONTENCIOSO ADMINISTRATIVO","REPARACIÓN DIRECTA"
"263","ACTIVO","85001333300120240004700","MUNICIPIO DE YOPAL","8918550177","2024-04-05T00:00:00.000","JUZGADO PRIMERO ADMINISTRATIVO DEL CIRCUITO DE YOPAL","CONTENCIOSO ADMINISTRATIVO","NULIDAD Y RESTABLECIMIENTO DEL DERECHO"
"264","ACTIVO","85001333300120240005600","MUNICIPIO DE YOPAL","8918550177","2024-04-23T00:00:00.000","JUZGADO PRIMERO ADMINISTRATIVO DEL CIRCUITO DE YOPAL","CONTENCIOSO ADMINISTRATIVO","NULIDAD Y RESTABLECIMIENTO DEL DERECHO"
"265","ACTIVO","81001333300420250014100","MUNICIPIO DE YOPAL","8918550177","2025-05-16T00:00:00.000","JUZGADO CUARTO ADMINISTRATIVO DEL CIRCUITO DE YOPAL","ACCIONES CONSTITUCIONALES","ACCIÓN DE CUMPLIMIENTO"
"266","ACTIVO","85001333300120240000400","MUNICIPIO DE YOPAL","8918550177","2024-01-11T00:00:00.000","JUZGADO PRIMERO ADMINISTRATIVO DEL CIRCUITO DE YOPAL","CONTENCIOSO ADMINISTRATIVO","REPARACIÓN DIRECTA"
"267","ACTIVO","85001233300020250004300","MUNICIPIO DE YOPAL","8918550177","2025-04-01T00:00:00.000","TRIBUNAL ADMINISTRATIVO DE CASANARE","CONTENCIOSO ADMINISTRATIVO","CONTROVERSIAS CONTRACTUALES"
"268","ACTIVO","85001233300020250003100","MUNICIPIO DE YOPAL","8918550177","2025-02-28T00:00:00.000","TRIBUNAL ADMINISTRATIVO DE CASANARE","CONTENCIOSO ADMINISTRATIVO","NULIDAD Y RESTABLECIMIENTO DEL DERECHO"
"269","ACTIVO","85001333300220240017400","MUNICIPIO DE YOPAL","8918550177","2024-09-20T00:00:00.000","JUZGADO SEGUNDO ADMINISTRATIVO DEL CIRCUITO DE YOPAL","CONTENCIOSO ADMINISTRATIVO","NULIDAD Y RESTABLECIMIENTO DEL DERECHO"
"270","ACTIVO","85001333300320250025100","MUNICIPIO DE YOPAL","8918550177","2025-04-10T00:00:00.000","JUZGADO TERCERO ADMINISTRATIVO DEL CIRCUITO DE YOPAL","CONTENCIOSO ADMINISTRATIVO","NULIDAD Y RESTABLECIMIENTO DEL DERECHO"
"271","ACTIVO","85001333300220240023400","MUNICIPIO DE YOPAL","8918550177","2024-11-20T00:00:00.000","JUZGADO SEGUNDO ADMINISTRATIVO DEL CIRCUITO DE YOPAL","CONTENCIOSO ADMINISTRATIVO","NULIDAD Y RESTABLECIMIENTO DEL DERECHO"
"272","ACTIVO","85001333300420250001400","MUNICIPIO DE YOPAL","8918550177","2024-12-19T00:00:00.000","JUZGADO CUARTO ADMINISTRATIVO DEL CIRCUITO DE YOPAL","CONTENCIOSO ADMINISTRATIVO","REPARACIÓN DIRECTA"
"273","ACTIVO","85001400300220150135700","MUNICIPIO DE YOPAL","8918550177","2015-10-30T00:00:00.000","JUZGADO SEGUNDO CIVIL MUNICIPAL DE YOPAL","CIVIL","VERBAL REIVINDICATORIO DE DOMINIO"
"274","ACTIVO","85001333300320250006800","MUNICIPIO DE YOPAL","8918550177","2025-01-23T00:00:00.000","JUZGADO TERCERO ADMINISTRATIVO DEL CIRCUITO DE YOPAL","CONTENCIOSO ADMINISTRATIVO","NULIDAD Y RESTABLECIMIENTO DEL DERECHO"
"275","ACTIVO","85001333300120230015000","MUNICIPIO DE YOPAL","8918550177","2023-09-01T00:00:00.000","JUZGADO PRIMERO ADMINISTRATIVO DEL CIRCUITO DE YOPAL","CONTENCIOSO ADMINISTRATIVO","REPARACIÓN DIRECTA"
"276","ACTIVO","85001333300120230020900","MUNICIPIO DE YOPAL","8918550177","2023-12-12T00:00:00.000","JUZGADO PRIMERO ADMINISTRATIVO DEL CIRCUITO DE YOPAL","CONTENCIOSO ADMINISTRATIVO","NULIDAD Y RESTABLECIMIENTO DEL DERECHO"
"277","ACTIVO","85001233300020250005100","MUNICIPIO DE YOPAL","8918550177","2025-04-21T00:00:00.000","TRIBUNAL ADMINISTRATIVO DE CASANARE","CONTENCIOSO ADMINISTRATIVO","CONTROVERSIAS CONTRACTUALES"
"278","ACTIVO","85001233300020250010900","MUNICIPIO DE YOPAL","8918550177","2025-08-08T00:00:00.000","TRIBUNAL ADMINISTRATIVO DE CASANARE","CONTENCIOSO ADMINISTRATIVO","NULIDAD Y RESTABLECIMIENTO DEL DERECHO"
"279","ACTIVO","85001233300020250007100","MUNICIPIO DE YOPAL","8918550177","2025-05-27T00:00:00.000","TRIBUNAL ADMINISTRATIVO DE CASANARE","CONTENCIOSO ADMINISTRATIVO","NULIDAD Y RESTABLECIMIENTO DEL DERECHO"
"280","ACTIVO","85001333300120250032800","MUNICIPIO DE YOPAL","8918550177","2025-07-04T00:00:00.000","JUZGADO PRIMERO ADMINISTRATIVO DEL CIRCUITO DE YOPAL","CONTENCIOSO ADMINISTRATIVO","NULIDAD Y RESTABLECIMIENTO DEL DERECHO"
"281","ACTIVO","85001333300320230022100","MUNICIPIO DE YOPAL","8918550177","2023-12-06T00:00:00.000","JUZGADO TERCERO ADMINISTRATIVO DEL CIRCUITO DE YOPAL","CONTENCIOSO ADMINISTRATIVO","NULIDAD Y RESTABLECIMIENTO DEL DERECHO"
"282","ACTIVO","85001333300120250020600","MUNICIPIO DE YOPAL","8918550177","2025-03-17T00:00:00.000","JUZGADO PRIMERO ADMINISTRATIVO DEL CIRCUITO DE YOPAL","CONTENCIOSO ADMINISTRATIVO","REPARACIÓN DIRECTA"
"283","ACTIVO","85001333300120250013900","MUNICIPIO DE YOPAL","8918550177","2025-02-18T00:00:00.000","JUZGADO PRIMERO ADMINISTRATIVO DEL CIRCUITO DE YOPAL","CONTENCIOSO ADMINISTRATIVO","REPARACIÓN DIRECTA"
"284","ACTIVO","85001233300020250011700","MUNICIPIO DE YOPAL","8918550177","2025-08-20T00:00:00.000","TRIBUNAL ADMINISTRATIVO DE CASANARE","CONTENCIOSO ADMINISTRATIVO","REPARACIÓN DIRECTA"
"285","ACTIVO","85001333300220250030000","MUNICIPIO DE YOPAL","8918550177","2025-05-27T00:00:00.000","JUZGADO SEGUNDO ADMINISTRATIVO DEL CIRCUITO DE YOPAL","CONTENCIOSO ADMINISTRATIVO","REPARACIÓN DIRECTA"
"286","ACTIVO","85001333300220250036100","MUNICIPIO DE YOPAL","8918550177","2025-08-05T00:00:00.000","JUZGADO SEGUNDO ADMINISTRATIVO DEL CIRCUITO DE YOPAL","CONTENCIOSO ADMINISTRATIVO","REPARACIÓN DIRECTA"
"287","ACTIVO","85001333300420250040900","MUNICIPIO DE YOPAL","8918550177","2025-11-07T00:00:00.000","JUZGADO CUARTO ADMINISTRATIVO DEL CIRCUITO DE YOPAL","ACCIONES CONSTITUCIONALES","ACCIÓN DE CUMPLIMIENTO"
"288","ACTIVO","85001333300220250028100","MUNICIPIO DE YOPAL","8918550177","2025-05-13T00:00:00.000","JUZGADO SEGUNDO ADMINISTRATIVO DE YOPAL","CONTENCIOSO ADMINISTRATIVO","NULIDAD Y RESTABLECIMIENTO DEL DERECHO"
"289","ACTIVO","85001333300220250024100","MUNICIPIO DE YOPAL","8918550177","2025-04-07T00:00:00.000","JUZGADO SEGUNDO ADMINISTRATIVO DE YOPAL","CONTENCIOSO ADMINISTRATIVO","NULIDAD Y RESTABLECIMIENTO DEL DERECHO"
"290","ACTIVO","85001333300220250017100","MUNICIPIO DE YOPAL","8918550177","2025-03-03T00:00:00.000","JUZGADO SEGUNDO ADMINISTRATIVO DE YOPAL","CONTENCIOSO ADMINISTRATIVO","REPARACIÓN DIRECTA"
"291","ACTIVO","85001333300220250023300","MUNICIPIO DE YOPAL","8918550177","2025-04-03T00:00:00.000","JUZGADO SEGUNDO ADMINISTRATIVO DE YOPAL","CONTENCIOSO ADMINISTRATIVO","NULIDAD Y RESTABLECIMIENTO DEL DERECHO"
"292","ACTIVO","85001333300420230012100","MUNICIPIO DE YOPAL","8918550177","2023-12-14T00:00:00.000","JUZGADO CUARTO ADMINISTRATIVO DE YOPAL","CONTENCIOSO ADMINISTRATIVO","NULIDAD Y RESTABLECIMIENTO DEL DERECHO"
"293","ACTIVO","85001333300320250040800","MUNICIPIO DE YOPAL","8918550177","2025-09-23T00:00:00.000","JUZGADO TERCERO ADMINISTRATIVO DE YOPAL","CONTENCIOSO ADMINISTRATIVO","NULIDAD Y RESTABLECIMIENTO DEL DERECHO"
"294","ACTIVO","85001333300320250032400","MUNICIPIO DE YOPAL","8918550177","2025-07-02T00:00:00.000","JUZGADO TERCERO ADMINISTRATIVO DE YOPAL","CONTENCIOSO ADMINISTRATIVO","NULIDAD Y RESTABLECIMIENTO DEL DERECHO"
"295","ACTIVO","85001233300020250017100","MUNICIPIO DE YOPAL","8918550177","2025-11-28T00:00:00.000","TRIBUNAL ADMINISTRATIVO DE CASANARE","CONTENCIOSO ADMINISTRATIVO","NULIDAD SIMPLE"
"296","ACTIVO","85001333300520250020800","MUNICIPIO DE YOPAL","8918550177","2025-03-19T00:00:00.000","JUZGADO QUINTO ADMINISTRATIVO DE YOPAL","CONTENCIOSO ADMINISTRATIVO","NULIDAD Y RESTABLECIMIENTO DEL DERECHO"
"297","ACTIVO","85001333300120250049400","NILSON ROLANDO VARGAS FONSECA","7126765","2025-12-15T00:00:00.000","JUZGADO PRIMERO ADMINISTRATIVO DE YOPAL","CONTENCIOSO ADMINISTRATIVO","REPARACIÓN DIRECTA"
"298","ACTIVO","85001333300520250041300","MUNICIPIO DE YOPAL","8918550177","2025-10-16T00:00:00.000","JUZGADO QUINTO ADMINISTRATIVO DE YOPAL","CONTENCIOSO ADMINISTRATIVO","NULIDAD Y RESTABLECIMIENTO DEL DERECHO"
"299","ACTIVO","85001400300320250111900","RAMIRO RUIZ GONZALEZ.
SILVIA LILIANA RUIZ CALA
FRANCISCO CORONADO","5541105
52421392
78692552","2025-11-21T00:00:00.000","POR ESTABLECER","CONTENCIOSO ADMINISTRATIVO","EJECUTIVO"
"300","ACTIVO","85001400300120250111800","NELSON ESTUARDO VARGAS NAVARRETE
ROBERTO VARGAS NAVARRETE
MAGDALENA VARGAS NAVARRETE","19088550
19334771
20138364","2025-11-21T00:00:00.000","POR ESTABLECER","CONTENCIOSO ADMINISTRATIVO","EJECUTIVO"
"301","ACTIVO","85001333300420250039000","ALEXANDER PARRA DIAZ","74858758","2025-10-27T00:00:00.000","JUZGADO CUARTO ADMINISTRATIVO DE YOPAL","CONTENCIOSO ADMINISTRATIVO","NULIDAD SIMPLE"
"302","ACTIVO","85001333300120170004400","FISCALIA GENERAL DE LA NACIÓN
POLICIA NACIONAL","0/0/0","2025-01-25T00:00:00.000","JUZGADO TERCERO ADMINISTRATIVO DE YOPAL","CONTENCIOSO ADMINISTRATIVO","EJECUTIVO"
"303","ACTIVO","85001400300220250112300","ESPERANZA DIAZ FONSECA","93416103","2025-11-21T00:00:00.000","JUZGADO SEGUNDO CIVIL MUNICIPAL DE YOPAL","CIVIL - ORDINARIA","EJECUTIVO"
"304","ACTIVO","85001333300120250017100","MUNICIPIO DE YOPAL","8918550177","2025-02-28T00:00:00.000","JUZGADO PRIMERO ADMINISTRATIVO DE YOPAL","CONTENCIOSO ADMINISTRATIVO","NUIDAD Y RESTABLECIMIENTO DEL DERECHO"
"305","ACTIVO","85001333300120230014000","MUNICIPIO DE YOPAL","8918550177","2023-08-16T00:00:00.000","JUZGADO QUINTO ADMINISTRATIVO DE YOPAL","CONTENCIOSO ADMINISTRATIVO","NULIDAD Y RESTABLECIMIENTO DEL DERECHO"
"306","ACTIVO","85001333300420250039200","MUNICIPIO DE YOPAL","8918550177","2024-10-24T00:00:00.000","JUZGADO CUARTO ADMINISTRATIVO DE YOPAL","CONTENCIOSO ADMINISTRATIVO","NUIDAD Y RESTABLECIMIENTO DEL DERECHO"
"307","ACTIVO","85001333300420250038100","MUNICIPIO DE YOPAL","8918550177","2025-10-15T00:00:00.000","JUZGADO CUARTO ADMINISTRATIVO DE YOPAL","CONTENCIOSO ADMINISTRATIVO","NUIDAD Y RESTABLECIMIENTO DEL DERECHO"
"308","ACTIVO","85001333300420250037400","MUNICIPIO DE YOPAL","8918550177","2025-10-06T00:00:00.000","JUZGADO CUARTO ADMINISTRATIVO DE YOPAL","CONTENCIOSO ADMINISTRATIVO","REPARACION DIRECTA"
"309","ACTIVO","85001233300020230004400","MUNICIPIO DE YOPAL","8918550177","2023-06-27T00:00:00.000","TRIBUNAL ADMINISTRATIVO DE CASANARE","CONTENCIOSO ADMINISTRATIVO","NULIDAD Y RESTABLECIMIENTO DEL DERECHO"
"310","ACTIVO","85001333300520240016000","MUNICIPIO DE YOPAL","8918550177","2024-11-22T00:00:00.000","JUZGADO QUINTO ADMINISTRATIVO DE YOPAL","CONTENCIOSO ADMINISTRATIVO","NUIDAD Y RESTABLECIMIENTO DEL DERECHO"
"311","ACTIVO","85001333300420250036800","DEPARTAMENTO DE CASANARE
RIGOBERTO MARTINEZ PAMPLONA
CARMENZA ALFONSO TOVAR
ANA SILVA GUTIERREZ RINCON
JOSE AVIGAIL ROSAS ROSAS
MARORA BOHORQUEZ
ALBA LILIA GOMEZ SANCHEZ
ROSA HELENA SAENZ","892099216-6
17526979
23724777
47430232
9653931
24143270
24226674
23740506","2025-09-25T00:00:00.000","JUZGADO CUARTO ADMINISTRATIVO DE YOPAL","CONTENCIOSO ADMINISTRATIVO","NULIDAD POR LESIVIDAD"
"312","ACTIVO","85001333300320250000300","MUNICIPIO DE YOPAL","8918550177","2024-12-18T00:00:00.000","JUZGADO TERCERO ADMINISTRATIVO DE YOPAL","CONTENCIOSO ADMINISTRATIVO","NULIDAD Y RESTABLECIMIENTO DEL DERECHO"
"313","ACTIVO","85001333300320230014800","MUNICIPIO DE YOPAL","8918550177","2023-08-14T00:00:00.000","JUZGADO TERCERO ADMINISTRATIVO DE YOPAL","CONTENCIOSO ADMINISTRATIVO","NULIDAD Y RESTABLECIMIENTO DEL DERECHO"
"314","ACTIVO","85001333300520240008000","MUNICIPIO DE YOPAL","8918550177","2024-08-09T00:00:00.000","JUZGADO QUINTO ADMINISTRATIVO DE YOPAL","CONTENCIOSO ADMINISTRATIVO","NULIDAD Y RESTABLECIMIENTO DEL DERECHO"
"315","ACTIVO","11001031500020240700300
AT10982711 CALI
AT T11475088  YOPAL","CONSEJO DE ESTADO SECCIÓN CUARTA","N/A","0/0/0","CORTE CONSTITUCIONAL","ACCIONES CONSTITUCIONALES","ACCIÓN DE TUTELA"
"316","ACTIVO","85001233300020240009100","ALCALDIA DE YOPAL","8918550177","2024-08-20T00:00:00.000","TRIBUNAL ADMINISTRATIVO DE CASANARE","CONTENCIOSO ADMINISTRATIVO","NULIDAD Y RESTABLECIMIENTO DEL DERECHO"
"317","ACTIVO","85001333300120230012600","OSCAR EDUARDO PAEZ RODRIGUEZ","74814742","2023-07-27T00:00:00.000","JUZGADO QUINTO ADMINISTRATIVO DE YOPAL","CONTENCIOSO ADMINISTRATIVO","NULIDAD POR LESIVIDAD"
